timestamp,open,high,low,close,volume,quote_volume
2023-05-03T00:00:00,0.1,2.0,0.1,1.4016,446598493.4,612058253.94762
2023-05-04T00:00:00,1.4016,1.499,1.2961,1.3303,160696442.6,222749446.27959
2023-05-05T00:00:00,1.3303,1.38,1.26,1.3064,109103877.3,143184245.00059
2023-05-06T00:00:00,1.3067,1.3752,1.27,1.3297,84666618.7,112234146.54603
2023-05-07T00:00:00,1.3299,1.3469,1.22,1.2431,41904640.0,54269793.88247
2023-05-08T00:00:00,1.243,1.2439,1.0222,1.1374,120746101.0,136777636.48461
2023-05-09T00:00:00,1.1377,1.2158,1.0932,1.1842,84746956.6,97229928.93724
2023-05-10T00:00:00,1.1842,1.2448,1.0988,1.1787,168123621.3,197077996.9871
2023-05-11T00:00:00,1.1788,1.1819,1.0336,1.0736,86830478.7,95462787.64186
2023-05-12T00:00:00,1.0737,1.1229,1.013,1.1152,66590394.8,70519972.88183
2023-05-13T00:00:00,1.115,1.14,1.0855,1.0994,35948047.8,39727684.27435
2023-05-14T00:00:00,1.0993,1.2049,1.0677,1.1591,51193444.1,58698546.79577
2023-05-15T00:00:00,1.1589,1.2548,1.1241,1.193,76750994.5,93176936.36129
2023-05-16T00:00:00,1.1934,1.2071,1.1405,1.1651,48656185.5,57143769.53983
2023-05-17T00:00:00,1.1654,1.2155,1.1115,1.2131,64546515.1,75243638.29669
2023-05-18T00:00:00,1.2131,1.2245,1.1266,1.1415,40533612.5,47515571.40275
2023-05-19T00:00:00,1.1413,1.1494,1.1153,1.1304,25089190.2,28462527.58173
2023-05-20T00:00:00,1.1304,1.1343,1.108,1.124,16142067.7,18111287.71754
2023-05-21T00:00:00,1.1241,1.153,1.051,1.073,36820639.0,40605227.82201
2023-05-22T00:00:00,1.0729,1.0781,1.0337,1.0502,30744865.3,32416386.5785
2023-05-23T00:00:00,1.0502,1.098,1.0228,1.0533,34139550.2,36350686.94965
2023-05-24T00:00:00,1.0532,1.0532,0.9413,0.9784,72513876.8,71375560.31039
2023-05-25T00:00:00,0.9784,1.0103,0.9366,0.982,37633870.0,36777720.51313
2023-05-26T00:00:00,0.9821,1.01,0.9627,0.9911,28806851.3,28475745.65397
2023-05-27T00:00:00,0.9911,1.0176,0.9827,0.998,21366911.7,21296482.95688
2023-05-28T00:00:00,0.998,1.0729,0.9926,1.0617,37999706.8,39169782.54873
2023-05-29T00:00:00,1.0619,1.1,1.0225,1.0392,66909993.1,70988022.97732
2023-05-30T00:00:00,1.0391,1.0619,0.9893,1.0011,43521177.6,44608686.64403
2023-05-31T00:00:00,1.001,1.0097,0.9429,0.9743,33706491.5,32717835.18746
2023-06-01T00:00:00,0.9746,0.9794,0.94,0.9461,27771579.7,26686810.33447
2023-06-02T00:00:00,0.946,0.963,0.905,0.9414,47950317.1,44904141.92099
2023-06-03T00:00:00,0.9414,0.9568,0.9068,0.9333,33017243.7,30835443.99023
2023-06-04T00:00:00,0.9332,0.9785,0.9266,0.9602,34127551.5,32712283.57224
2023-06-05T00:00:00,0.9604,0.9715,0.75,0.8169,109983171.5,93116118.35773
2023-06-06T00:00:00,0.8171,0.8496,0.7553,0.8314,52909918.4,42719136.89406
2023-06-07T00:00:00,0.8314,0.8314,0.7433,0.7572,47751309.2,37052887.32857
2023-06-08T00:00:00,0.7572,0.7937,0.715,0.7287,50960158.8,38079224.68693
2023-06-09T00:00:00,0.7287,0.7627,0.7102,0.7382,48520864.7,35934265.53201
2023-06-10T00:00:00,0.7382,0.7417,0.51,0.6095,122857844.8,74875085.83183
2023-06-11T00:00:00,0.6095,0.6242,0.5865,0.6055,45461605.7,27578751.85767
2023-06-12T00:00:00,0.6054,0.6876,0.5693,0.6633,95056078.1,61444698.02993
2023-06-13T00:00:00,0.6633,0.7294,0.6618,0.6983,95846339.6,66926980.57445
2023-06-14T00:00:00,0.6982,0.7131,0.6273,0.6506,62548997.7,42172305.37257
2023-06-15T00:00:00,0.6505,0.6592,0.6201,0.649,41482584.6,26578765.3952
2023-06-16T00:00:00,0.6489,0.7217,0.6227,0.7072,50201474.9,33618430.07619
2023-06-17T00:00:00,0.7072,0.785,0.7043,0.7541,92206443.8,69107073.28271
2023-06-18T00:00:00,0.7539,0.7961,0.7096,0.7207,70237006.6,53390745.32351
2023-06-19T00:00:00,0.7206,0.7926,0.7093,0.7851,70115654.4,53257543.53271
2023-06-20T00:00:00,0.7851,0.8278,0.7485,0.8189,85994336.2,67623340.85038
2023-06-21T00:00:00,0.819,0.8506,0.7686,0.8312,94202270.2,76142139.84122
2023-06-22T00:00:00,0.8312,0.8899,0.7901,0.803,86075057.7,71817788.22999
2023-06-23T00:00:00,0.803,0.8361,0.7781,0.7984,60864747.1,48911353.26457
2023-06-24T00:00:00,0.7983,0.7984,0.7232,0.7528,43638069.7,33334534.40364
2023-06-25T00:00:00,0.7529,0.7805,0.74,0.7451,38325250.1,29059406.93949
2023-06-26T00:00:00,0.7451,0.7605,0.7114,0.7265,44135736.0,32564387.20545
2023-06-27T00:00:00,0.7264,0.7575,0.7022,0.7203,49588516.9,35995072.40518
2023-06-28T00:00:00,0.7203,0.7208,0.6366,0.6631,46258388.0,31425407.82098
2023-06-29T00:00:00,0.6634,0.715,0.6603,0.6807,52593167.4,36103468.00595
2023-06-30T00:00:00,0.6808,0.7118,0.628,0.6891,59113408.0,40391061.9183
2023-07-01T00:00:00,0.6888,0.691,0.6672,0.6893,26995655.8,18305720.03219
2023-07-02T00:00:00,0.6895,0.6943,0.659,0.6907,26703763.7,18099726.80652
2023-07-03T00:00:00,0.6907,0.7168,0.6854,0.7,53810585.1,37679723.62709
2023-07-04T00:00:00,0.6998,0.7389,0.6788,0.6855,52601686.8,37247777.76597
2023-07-05T00:00:00,0.6855,0.6917,0.645,0.6624,36465148.3,24329910.05348
2023-07-06T00:00:00,0.6624,0.6821,0.6344,0.6495,29123683.3,19246332.95189
2023-07-07T00:00:00,0.649,0.6667,0.6396,0.6613,24612864.4,16090142.34544
2023-07-08T00:00:00,0.6615,0.6689,0.6412,0.6527,14277014.3,9373740.13248
2023-07-09T00:00:00,0.6528,0.6667,0.65,0.6591,11121767.5,7326550.8089
2023-07-10T00:00:00,0.6591,0.6668,0.6271,0.6551,25050776.8,16213483.36856
2023-07-11T00:00:00,0.6552,0.67,0.6427,0.6556,17187306.6,11271758.93991
2023-07-12T00:00:00,0.6556,0.6876,0.645,0.6556,31050576.0,20786306.44159
2023-07-13T00:00:00,0.6557,0.7164,0.6482,0.6978,47351366.7,32355709.58375
2023-07-14T00:00:00,0.6978,0.7634,0.658,0.6804,74370070.8,52695819.14126
2023-07-15T00:00:00,0.6801,0.6987,0.6671,0.6829,20909432.7,14249084.5863
2023-07-16T00:00:00,0.683,0.6942,0.6616,0.6726,25531941.5,17460315.18405
2023-07-17T00:00:00,0.6723,0.7322,0.665,0.7197,64360057.2,44928397.44217
2023-07-18T00:00:00,0.7197,0.785,0.7055,0.7361,154905490.7,115204831.9648
2023-07-19T00:00:00,0.7364,0.776,0.7024,0.71,57016793.1,41674596.01917
2023-07-20T00:00:00,0.7098,0.7282,0.6804,0.6885,38572289.1,27234980.74863
2023-07-21T00:00:00,0.6885,0.696,0.6712,0.6835,20317490.8,13900991.25834
2023-07-22T00:00:00,0.6836,0.705,0.6817,0.6936,19403125.0,13425758.45988
2023-07-23T00:00:00,0.6936,0.7039,0.6732,0.6787,19804704.9,13650378.21347
2023-07-24T00:00:00,0.6788,0.6806,0.609,0.6366,35668271.6,22873635.83431
2023-07-25T00:00:00,0.6367,0.652,0.6248,0.6367,18172584.3,11584216.63176
2023-07-26T00:00:00,0.6367,0.6434,0.6158,0.6346,22821129.9,14380664.86426
2023-07-27T00:00:00,0.6344,0.6502,0.624,0.6306,16504294.5,10537287.6019
2023-07-28T00:00:00,0.6307,0.6434,0.625,0.6296,15014000.4,9499866.86602
2023-07-29T00:00:00,0.6297,0.6408,0.6255,0.6385,8885902.6,5615386.03747
2023-07-30T00:00:00,0.6385,0.6397,0.6,0.6202,15509115.4,9664901.04261
2023-07-31T00:00:00,0.6203,0.6342,0.6131,0.632,17730073.0,11063013.10636
2023-08-01T00:00:00,0.632,0.6474,0.6088,0.6467,34338755.3,21655328.26683
2023-08-02T00:00:00,0.6467,0.65,0.6081,0.614,23400199.8,14677353.65519
2023-08-03T00:00:00,0.614,0.6197,0.5852,0.5929,34199405.8,20448621.58952
2023-08-04T00:00:00,0.5929,0.6014,0.5795,0.5923,18554892.3,11007442.91519
2023-08-05T00:00:00,0.5924,0.5937,0.5811,0.5923,10881211.3,6388935.35261
2023-08-06T00:00:00,0.5924,0.6096,0.59,0.5921,27712755.0,16579166.75344
2023-08-07T00:00:00,0.5922,0.5997,0.5598,0.5831,27813956.5,16195446.45466
2023-08-08T00:00:00,0.5833,0.6031,0.5755,0.594,25313782.7,14878220.64676
2023-08-09T00:00:00,0.5947,0.6269,0.588,0.5951,25841625.3,15660827.9775
2023-08-10T00:00:00,0.5951,0.6057,0.5876,0.6053,14962963.6,8938665.3417
2023-08-11T00:00:00,0.6051,0.6184,0.5963,0.6049,12947819.2,7862828.20285
2023-08-12T00:00:00,0.6049,0.614,0.6023,0.6074,6298802.1,3830863.62476
2023-08-13T00:00:00,0.6076,0.6135,0.5943,0.5983,9646285.4,5842888.67308
2023-08-14T00:00:00,0.5983,0.604,0.5872,0.5993,11744040.6,7018023.9292
2023-08-15T00:00:00,0.5993,0.6027,0.5229,0.5606,26914308.1,15412131.77912
2023-08-16T00:00:00,0.5607,0.5785,0.5104,0.5271,61034511.1,33528699.04027
2023-08-17T00:00:00,0.5274,0.5366,0.45,0.475,57802293.0,29105865.49243
2023-08-18T00:00:00,0.4752,0.49,0.4651,0.484,38367834.2,18258258.59347
2023-08-19T00:00:00,0.4841,0.565,0.4826,0.5598,77340052.6,41138398.51227
2023-08-20T00:00:00,0.5597,0.5752,0.5366,0.5437,81310349.7,45121757.88402
2023-08-21T00:00:00,0.5437,0.5482,0.4994,0.5142,42920694.8,22485728.27647
2023-08-22T00:00:00,0.5143,0.5588,0.5043,0.5359,78007618.4,41607060.65365
2023-08-23T00:00:00,0.5361,0.6258,0.5353,0.6019,117625250.0,68766679.37662
2023-08-24T00:00:00,0.6018,0.6207,0.556,0.5727,72332740.2,42591494.11063
2023-08-25T00:00:00,0.5728,0.5728,0.5335,0.5569,60896184.7,33410834.88167
2023-08-26T00:00:00,0.5567,0.604,0.5471,0.5879,74889242.1,43866772.10088
2023-08-27T00:00:00,0.5879,0.5963,0.5731,0.5838,42938747.4,24996431.97761
2023-08-28T00:00:00,0.5835,0.5837,0.5352,0.5477,50813152.2,27900178.85556
2023-08-29T00:00:00,0.5475,0.5519,0.5073,0.5454,68957948.7,36623411.19059
2023-08-30T00:00:00,0.5453,0.5465,0.515,0.5255,31253787.5,16487442.17734
2023-08-31T00:00:00,0.5253,0.5253,0.4821,0.5005,29426600.4,14930006.40601
2023-09-01T00:00:00,0.5004,0.5161,0.4805,0.4889,28244841.0,14073790.27866
2023-09-02T00:00:00,0.4889,0.5039,0.4824,0.4909,18135129.1,8902089.83519
2023-09-03T00:00:00,0.4909,0.5029,0.4724,0.484,31543772.1,15343409.97067
2023-09-04T00:00:00,0.4841,0.4963,0.4721,0.4831,35088842.6,17024619.58931
2023-09-05T00:00:00,0.4833,0.493,0.467,0.4907,34895124.2,16706415.94879
2023-09-06T00:00:00,0.4907,0.4992,0.4739,0.4817,43162394.1,20934225.6087
2023-09-07T00:00:00,0.4816,0.4874,0.4757,0.4858,28084679.3,13527128.44529
2023-09-08T00:00:00,0.4858,0.4934,0.4732,0.4814,26383566.4,12751976.3624
2023-09-09T00:00:00,0.4814,0.4859,0.4776,0.4814,11131592.3,5357009.84627
2023-09-10T00:00:00,0.4814,0.4817,0.4441,0.4553,28045636.5,12878336.93009
2023-09-11T00:00:00,0.4551,0.456,0.4185,0.4267,41959852.6,18267486.13705
2023-09-12T00:00:00,0.4264,0.458,0.423,0.4278,49230832.5,21715727.25081
2023-09-13T00:00:00,0.4278,0.4448,0.4187,0.4426,29165090.2,12634707.53401
2023-09-14T00:00:00,0.4426,0.4516,0.4356,0.4449,30453246.0,13457811.56659
2023-09-15T00:00:00,0.4452,0.4485,0.4317,0.4464,30198401.7,13272411.85744
2023-09-16T00:00:00,0.4463,0.4671,0.4455,0.4667,38319002.2,17517949.15902
2023-09-17T00:00:00,0.4667,0.4667,0.425,0.4345,27231358.3,12078449.79762
2023-09-18T00:00:00,0.4346,0.4533,0.4259,0.448,30849782.6,13613804.22099
2023-09-19T00:00:00,0.4479,0.4568,0.4467,0.4542,21957321.6,9903330.0136
2023-09-20T00:00:00,0.4543,0.4552,0.4368,0.4466,16774179.0,7442817.19434
2023-09-21T00:00:00,0.4465,0.4582,0.4332,0.4402,19918218.8,8853878.09796
2023-09-22T00:00:00,0.44,0.4458,0.4332,0.445,15505494.2,6842725.0835
2023-09-23T00:00:00,0.445,0.4511,0.4397,0.4461,14274555.1,6356147.50077
2023-09-24T00:00:00,0.4459,0.4647,0.4354,0.439,36909695.3,16582967.84097
2023-09-25T00:00:00,0.4387,0.4494,0.4323,0.4428,20322037.6,8964610.38661
2023-09-26T00:00:00,0.4429,0.4453,0.4339,0.4386,15728469.4,6929790.1169
2023-09-27T00:00:00,0.4384,0.4441,0.4273,0.4374,21024158.8,9185793.70055
2023-09-28T00:00:00,0.4372,0.4499,0.4346,0.4474,25377489.4,11211377.12892
2023-09-29T00:00:00,0.4473,0.4971,0.4441,0.4791,77195425.5,36760042.9077
2023-09-30T00:00:00,0.4792,0.4861,0.462,0.4703,29631105.7,13946349.57101
2023-10-01T00:00:00,0.4703,0.5099,0.4644,0.507,49236386.6,23832528.97637
2023-10-02T00:00:00,0.5071,0.5077,0.4579,0.4663,36785719.3,17853911.33559
2023-10-03T00:00:00,0.4663,0.4687,0.4412,0.4445,43222511.9,19647678.24715
2023-10-04T00:00:00,0.4444,0.4474,0.4252,0.4418,35082375.4,15411894.87487
2023-10-05T00:00:00,0.4419,0.4492,0.4323,0.4342,39556120.0,17432587.26288
2023-10-06T00:00:00,0.4344,0.4486,0.433,0.4436,23925183.4,10522587.76048
2023-10-07T00:00:00,0.4435,0.4592,0.4384,0.4427,27226113.5,12216257.12038
2023-10-08T00:00:00,0.4421,0.4442,0.4344,0.4377,11752428.0,5157799.38288
2023-10-09T00:00:00,0.4379,0.4388,0.4018,0.4164,37585892.3,15680320.95297
2023-10-10T00:00:00,0.4163,0.4189,0.4112,0.4158,15350839.6,6372579.03505
2023-10-11T00:00:00,0.416,0.4173,0.4007,0.4099,21305732.5,8706797.90567
2023-10-12T00:00:00,0.4098,0.4129,0.4006,0.4074,18660811.7,7590465.75002
2023-10-13T00:00:00,0.4073,0.4243,0.4056,0.4134,26109035.7,10788433.4085
2023-10-14T00:00:00,0.4135,0.4194,0.4114,0.4155,11373006.9,4733682.75823
2023-10-15T00:00:00,0.4155,0.416,0.4051,0.4105,22135882.9,9064405.1191
2023-10-16T00:00:00,0.4105,0.43,0.4041,0.4103,43199651.3,17918525.92449
2023-10-17T00:00:00,0.4106,0.4118,0.3688,0.3806,53232516.3,20783297.81285
2023-10-18T00:00:00,0.3807,0.3902,0.3642,0.3826,38619964.5,14573030.53492
2023-10-19T00:00:00,0.3825,0.3829,0.362,0.3703,35159068.1,13037462.05327
2023-10-20T00:00:00,0.3703,0.3887,0.3643,0.3827,39028545.3,14794035.03192
2023-10-21T00:00:00,0.3828,0.4002,0.3795,0.3908,35754376.9,13990384.22478
2023-10-22T00:00:00,0.3909,0.4194,0.3874,0.4043,49438706.8,19840785.03535
2023-10-23T00:00:00,0.4043,0.4214,0.392,0.4208,55148304.7,22433774.3205
2023-10-24T00:00:00,0.4206,0.4594,0.414,0.4345,106902692.8,46669256.46429
2023-10-25T00:00:00,0.4342,0.4505,0.4196,0.4369,61986933.3,26953162.55915
2023-10-26T00:00:00,0.437,0.4635,0.4167,0.4401,66326525.1,29150776.07006
2023-10-27T00:00:00,0.44,0.456,0.4203,0.4308,49983537.9,21899700.35852
2023-10-28T00:00:00,0.4308,0.4786,0.4306,0.4671,63349266.0,29066775.60008
2023-10-29T00:00:00,0.4673,0.4696,0.4505,0.4527,32275453.1,14766108.46835
2023-10-30T00:00:00,0.4527,0.4739,0.4428,0.4628,42131065.9,19312130.73901
2023-10-31T00:00:00,0.463,0.4759,0.42,0.4429,51456242.4,23080442.27733
2023-11-01T00:00:00,0.4428,0.4726,0.4251,0.4651,55925184.1,24968127.99131
2023-11-02T00:00:00,0.4652,0.4813,0.4409,0.4584,60651589.5,28070874.27536
2023-11-03T00:00:00,0.4586,0.4586,0.4314,0.4554,38439284.3,17011822.80034
2023-11-04T00:00:00,0.4554,0.5196,0.4509,0.5064,76956310.6,37020321.22657
2023-11-05T00:00:00,0.5064,0.5238,0.4818,0.5001,85487956.9,42863796.78957
2023-11-06T00:00:00,0.4999,0.5378,0.4863,0.5285,71649452.6,36626985.32973
2023-11-07T00:00:00,0.5285,0.5286,0.4915,0.5235,65443723.5,33646404.59591
2023-11-08T00:00:00,0.5235,0.6,0.5171,0.578,96368459.4,54512352.01957
2023-11-09T00:00:00,0.5781,0.6078,0.4797,0.561,120967985.0,68316012.09664
2023-11-10T00:00:00,0.561,0.626,0.534,0.6095,89679480.6,51321260.81016
2023-11-11T00:00:00,0.6094,0.6142,0.5675,0.5921,72907016.3,43023406.89695
2023-11-12T00:00:00,0.5923,0.6459,0.5575,0.6179,98670799.9,59982439.38956
2023-11-13T00:00:00,0.6179,0.66,0.6003,0.6005,123195516.9,77584768.00705
2023-11-14T00:00:00,0.601,0.63,0.539,0.5662,89007764.2,52570791.31858
2023-11-15T00:00:00,0.566,0.6209,0.5598,0.619,66260516.8,39192759.0338
2023-11-16T00:00:00,0.6191,0.6422,0.5505,0.5652,88165111.4,52625667.18006
2023-11-17T00:00:00,0.5652,0.5862,0.525,0.5541,71207773.1,39498647.57523
2023-11-18T00:00:00,0.554,0.5577,0.514,0.5466,47583788.2,25697864.34226
2023-11-19T00:00:00,0.5463,0.567,0.5282,0.5633,32158965.4,17518835.93878
2023-11-20T00:00:00,0.5632,0.5786,0.5425,0.5547,42875694.2,24168750.5541
2023-11-21T00:00:00,0.5547,0.5828,0.5,0.5022,72952450.0,39637986.15031
2023-11-22T00:00:00,0.5023,0.5637,0.5002,0.5562,41751934.8,22334254.16281
2023-11-23T00:00:00,0.5566,0.5955,0.5519,0.5885,81215896.8,47130945.84326
2023-11-24T00:00:00,0.5884,0.6422,0.5814,0.6267,78821348.6,48617355.67261
2023-11-25T00:00:00,0.6268,0.6891,0.6214,0.6553,82948455.3,54897974.47963
2023-11-26T00:00:00,0.6555,0.67,0.6072,0.6349,59166288.1,37639075.40199
2023-11-27T00:00:00,0.6349,0.6475,0.577,0.5933,50280300.5,30165464.38124
2023-11-28T00:00:00,0.5934,0.63,0.5639,0.618,49054539.6,29424371.67167
2023-11-29T00:00:00,0.6179,0.6234,0.5781,0.601,51507042.2,30909788.6314
2023-11-30T00:00:00,0.601,0.644,0.587,0.5971,63018536.5,38501690.13354
2023-12-01T00:00:00,0.5971,0.628,0.5911,0.6131,41749018.8,25564482.30694
2023-12-02T00:00:00,0.6131,0.6339,0.6034,0.6253,36109675.3,22355808.51667
2023-12-03T00:00:00,0.6253,0.6301,0.5973,0.6153,34898284.6,21419022.18699
2023-12-04T00:00:00,0.6152,0.639,0.5557,0.629,82245604.6,50383577.60256
2023-12-05T00:00:00,0.6289,0.659,0.6171,0.6443,88897772.9,56582432.43404
2023-12-06T00:00:00,0.6444,0.6624,0.6033,0.6201,62213021.2,39250288.60284
2023-12-07T00:00:00,0.6202,0.6869,0.6045,0.6713,73208399.5,47294640.86447
2023-12-08T00:00:00,0.6714,0.7147,0.6684,0.7029,61541405.6,42399151.59955
2023-12-09T00:00:00,0.7029,0.7268,0.6705,0.6778,54094642.5,37927008.34125
2023-12-10T00:00:00,0.6783,0.7159,0.6671,0.6925,36017917.3,24821493.40118
2023-12-11T00:00:00,0.6926,0.7143,0.6068,0.6291,73485603.6,47901077.6372
2023-12-12T00:00:00,0.6291,0.664,0.619,0.6597,57449522.7,36969121.00763
2023-12-13T00:00:00,0.6597,0.6664,0.605,0.6527,48333175.9,30760254.04027
2023-12-14T00:00:00,0.6529,0.67,0.6262,0.6545,43024784.6,28097251.97408
2023-12-15T00:00:00,0.6546,0.6556,0.6153,0.6175,47371853.6,30242332.49416
2023-12-16T00:00:00,0.6175,0.6498,0.6001,0.6322,39995658.5,25151892.19369
2023-12-17T00:00:00,0.6322,0.6365,0.6043,0.6105,35036771.8,21633377.90343
2023-12-18T00:00:00,0.6104,0.6194,0.5635,0.6105,44846874.5,26646972.95325
2023-12-19T00:00:00,0.6105,0.7189,0.6052,0.6786,143587474.8,95167231.64574
2023-12-20T00:00:00,0.6787,0.7477,0.6446,0.688,166502952.7,115427776.90652
2023-12-21T00:00:00,0.6881,0.7184,0.6706,0.6876,73148502.3,50744793.0935
2023-12-22T00:00:00,0.6875,0.7007,0.6564,0.695,72166871.5,49036695.98104
2023-12-23T00:00:00,0.695,0.7592,0.692,0.7534,117380697.8,84822181.17345
2023-12-24T00:00:00,0.7536,0.7633,0.7014,0.7142,73435933.2,53477792.07573
2023-12-25T00:00:00,0.714,0.8286,0.7094,0.8166,113316091.4,87638814.08081
2023-12-26T00:00:00,0.8168,0.909,0.7737,0.8838,167203995.4,142571590.43234
2023-12-27T00:00:00,0.8841,0.9216,0.8207,0.8301,88139236.0,75496898.58331
2023-12-28T00:00:00,0.8301,0.864,0.7768,0.7966,70652644.0,57941672.05538
2023-12-29T00:00:00,0.7966,0.843,0.76,0.8057,72274750.6,58202502.11157
2023-12-30T00:00:00,0.8059,0.823,0.7693,0.8082,44135893.5,35032708.28202
2023-12-31T00:00:00,0.8085,0.8308,0.7637,0.7752,44887190.7,36283487.50735
2024-01-01T00:00:00,0.7753,0.8478,0.7557,0.8438,49861871.3,39857609.40562
2024-01-02T00:00:00,0.8438,0.932,0.84,0.9062,84656192.4,74827934.87528
2024-01-03T00:00:00,0.9061,0.942,0.68,0.8437,117518664.7,97849739.21624
2024-01-04T00:00:00,0.8433,0.8711,0.8052,0.8535,66211263.3,55605299.91242
2024-01-05T00:00:00,0.8538,0.9007,0.7676,0.8999,103603153.7,85329190.29177
2024-01-06T00:00:00,0.9,0.9,0.8072,0.8316,107795140.0,92152031.08369
2024-01-07T00:00:00,0.8314,0.8611,0.7913,0.8002,58673033.6,48663554.90587
2024-01-08T00:00:00,0.7998,0.8843,0.7201,0.8599,101693897.9,80867512.79095
2024-01-09T00:00:00,0.86,0.8743,0.7758,0.7983,68032703.8,55830001.30141
2024-01-10T00:00:00,0.7982,0.8622,0.7601,0.842,67551369.3,54359278.64497
2024-01-11T00:00:00,0.8419,1.15,0.8301,1.0927,230058893.7,230271134.59678
2024-01-12T00:00:00,1.0928,1.2266,1.0434,1.1685,227509398.0,259092577.30574
2024-01-13T00:00:00,1.1685,1.3645,1.1196,1.2895,190351346.8,240462420.81778
2024-01-14T00:00:00,1.2892,1.3536,1.2321,1.2506,96303379.3,123153818.75525
2024-01-15T00:00:00,1.2508,1.4508,1.25,1.3716,138216376.7,191207849.19772
2024-01-16T00:00:00,1.3721,1.3986,1.2394,1.2704,82880388.4,107891603.32591
2024-01-17T00:00:00,1.2702,1.3299,1.202,1.2933,87158187.3,110803024.03683
2024-01-18T00:00:00,1.2934,1.3472,1.1438,1.1586,102146734.8,126254086.00591
2024-01-19T00:00:00,1.1586,1.1923,1.084,1.1659,90967523.9,103552095.32579
2024-01-20T00:00:00,1.1659,1.1663,1.057,1.1024,61866223.8,67819921.04164
2024-01-21T00:00:00,1.1023,1.13,1.0552,1.0613,46336048.2,50915958.93724
2024-01-22T00:00:00,1.0611,1.1312,1.0074,1.0739,101333899.6,107730637.37999
2024-01-23T00:00:00,1.0738,1.2274,1.013,1.1859,215824409.2,241106747.62888
2024-01-24T00:00:00,1.186,1.3175,1.1424,1.2926,130547364.9,161402846.14324
2024-01-25T00:00:00,1.2925,1.294,1.1625,1.1785,91191076.2,111670135.49419
2024-01-26T00:00:00,1.1785,1.4722,1.1564,1.4588,123269992.9,161451560.41072
2024-01-27T00:00:00,1.4589,1.496,1.3694,1.3946,82738155.7,117233895.08148
2024-01-28T00:00:00,1.3947,1.4894,1.3101,1.3331,85197325.9,118141502.46801
2024-01-29T00:00:00,1.3331,1.5882,1.3272,1.5623,114103154.3,168213957.83899
2024-01-30T00:00:00,1.5624,1.65,1.5142,1.5448,94120047.4,148994654.42562
2024-01-31T00:00:00,1.5447,1.6399,1.48,1.5187,113922171.7,179371116.73717
2024-02-01T00:00:00,1.5186,1.5679,1.4319,1.5259,91534788.0,136403962.2371
2024-02-02T00:00:00,1.5259,1.5454,1.4447,1.4625,55324328.9,82206440.23604
2024-02-03T00:00:00,1.4625,1.4851,1.3877,1.4377,51362761.8,73266206.82049
2024-02-04T00:00:00,1.4376,1.5403,1.4237,1.4647,57462915.1,85643255.2057
2024-02-05T00:00:00,1.4644,1.663,1.433,1.576,71896899.9,112042374.10934
2024-02-06T00:00:00,1.5758,1.6152,1.51,1.5178,53454617.5,82957436.5896
2024-02-07T00:00:00,1.5181,1.5608,1.4861,1.5411,52886300.6,80684769.72449
2024-02-08T00:00:00,1.5407,1.587,1.504,1.5262,42000939.7,64677760.05929
2024-02-09T00:00:00,1.5261,1.808,1.5195,1.7612,90322002.0,151204960.74469
2024-02-10T00:00:00,1.7613,1.8139,1.6994,1.7315,54169291.5,94732845.23409
2024-02-11T00:00:00,1.7315,1.7987,1.678,1.6945,41853407.5,72226521.16992
2024-02-12T00:00:00,1.6944,1.8299,1.6869,1.7619,72512722.9,127684314.0636
2024-02-13T00:00:00,1.7619,1.8796,1.728,1.8558,74022290.1,133971330.34312
2024-02-14T00:00:00,1.8559,1.974,1.8126,1.9054,56848795.9,107781445.15929
2024-02-15T00:00:00,1.9052,1.9467,1.8202,1.8629,57846445.2,108448176.44586
2024-02-16T00:00:00,1.8628,1.8809,1.7436,1.8072,43569712.3,78732282.30863
2024-02-17T00:00:00,1.8074,1.8142,1.7022,1.7677,39362421.8,69045570.49436
2024-02-18T00:00:00,1.7677,1.8157,1.7332,1.7997,42587814.4,75603903.99272
2024-02-19T00:00:00,1.7996,1.8341,1.7367,1.7735,43431578.8,77537610.11389
2024-02-20T00:00:00,1.7735,1.778,1.6177,1.7169,59833249.9,101975825.23382
2024-02-21T00:00:00,1.7168,1.7219,1.6183,1.6922,52865348.8,88308806.06214
2024-02-22T00:00:00,1.6923,1.7722,1.6389,1.7187,80400800.1,136594110.20373
2024-02-23T00:00:00,1.7187,1.7481,1.5646,1.6034,71291577.4,117866357.2308
2024-02-24T00:00:00,1.6033,1.6667,1.5524,1.636,43241028.4,70035068.62112
2024-02-25T00:00:00,1.636,1.6555,1.6131,1.6455,26919210.4,43930932.96726
2024-02-26T00:00:00,1.6455,1.7167,1.5789,1.6705,51256819.1,84191853.42311
2024-02-27T00:00:00,1.6705,1.7047,1.568,1.6148,66342323.7,108789540.48748
2024-02-28T00:00:00,1.615,1.7197,1.37,1.5834,96049071.4,154409126.95685
2024-02-29T00:00:00,1.5836,1.7155,1.5689,1.6769,81666912.1,134323855.88094
2024-03-01T00:00:00,1.6769,1.7446,1.6525,1.6903,48416699.9,82067475.59606
2024-03-02T00:00:00,1.6903,1.6993,1.5869,1.621,64153784.1,105189512.187
2024-03-03T00:00:00,1.6211,1.6283,1.421,1.559,47036955.9,73841078.14452
2024-03-04T00:00:00,1.5592,1.591,1.4333,1.4868,68233882.4,102676661.18997
2024-03-05T00:00:00,1.4869,1.5866,1.212,1.3962,134022202.5,198492348.41553
2024-03-06T00:00:00,1.3962,1.5097,1.3585,1.4749,96038560.8,138934826.83637
2024-03-07T00:00:00,1.475,1.62,1.4711,1.5799,87952748.6,135470292.44763
2024-03-08T00:00:00,1.58,1.6024,1.453,1.5439,61709636.9,95289286.70858
2024-03-09T00:00:00,1.5438,1.6715,1.5187,1.5838,75145803.8,119809179.08355
2024-03-10T00:00:00,1.5839,1.652,1.5161,1.5553,58171870.9,92280920.47162
2024-03-11T00:00:00,1.5552,1.5925,1.475,1.5717,61375310.3,94983374.00607
2024-03-12T00:00:00,1.5718,1.6347,1.43,1.5993,87289396.5,135533385.41907
2024-03-13T00:00:00,1.5994,1.697,1.5702,1.6212,69903768.9,113329486.46899
2024-03-14T00:00:00,1.6213,1.6602,1.472,1.5672,80903781.3,126946965.36164
2024-03-15T00:00:00,1.5672,1.5822,1.3386,1.4927,118382583.3,170515309.07478
2024-03-16T00:00:00,1.4927,1.72,1.485,1.6342,189146912.2,305629502.57546
2024-03-17T00:00:00,1.6341,1.6388,1.4351,1.6185,98625361.4,151550003.7437
2024-03-18T00:00:00,1.6185,1.754,1.5177,1.5236,132910747.2,216952943.35437
2024-03-19T00:00:00,1.5236,1.7371,1.43,1.6464,180002263.6,287814586.87941
2024-03-20T00:00:00,1.6463,1.78,1.4994,1.7537,146183486.1,235395006.5936
2024-03-21T00:00:00,1.7537,1.9486,1.7404,1.8264,117945724.6,217899244.71534
2024-03-22T00:00:00,1.8264,1.8319,1.6837,1.7313,68117143.6,121063958.06859
2024-03-23T00:00:00,1.7312,1.738,1.6412,1.6445,39798958.6,67377590.25884
2024-03-24T00:00:00,1.6447,1.6989,1.6186,1.6783,33241413.9,54984841.25486
2024-03-25T00:00:00,1.6787,1.7478,1.6544,1.7036,40307879.6,68737793.20603
2024-03-26T00:00:00,1.7035,1.897,1.6966,1.8858,71201858.0,128629611.66261
2024-03-27T00:00:00,1.8859,2.1829,1.8557,2.0754,151806455.4,310183723.01359
2024-03-28T00:00:00,2.0754,2.1675,1.9588,2.0219,76805116.8,155408986.70344
2024-03-29T00:00:00,2.0219,2.1472,1.9015,1.903,69915223.0,142906335.72665
2024-03-30T00:00:00,1.903,1.9554,1.8661,1.8805,33390488.5,63960727.97477
2024-03-31T00:00:00,1.8805,1.9263,1.8651,1.9137,22474795.4,42537336.5115
2024-04-01T00:00:00,1.9143,2.0263,1.8,1.9398,90669121.1,175611003.80105
2024-04-02T00:00:00,1.9399,2.0054,1.7268,1.733,72666519.3,133602774.92011
2024-04-03T00:00:00,1.7331,1.7655,1.6363,1.6681,47017781.8,80716567.61989
2024-04-04T00:00:00,1.6682,1.743,1.6574,1.6839,28219103.5,47991534.74585
2024-04-05T00:00:00,1.6839,1.684,1.5406,1.6075,33976164.7,54346154.56622
2024-04-06T00:00:00,1.6077,1.6445,1.6004,1.6248,16031036.8,26046346.45557
2024-04-07T00:00:00,1.6247,1.6682,1.617,1.6421,23997449.7,39364772.53283
2024-04-08T00:00:00,1.6419,1.7225,1.6189,1.7099,28923342.6,48455817.00403
2024-04-09T00:00:00,1.7096,1.7188,1.5691,1.5748,35189920.9,57360794.64808
2024-04-10T00:00:00,1.5745,1.5841,1.46,1.5216,50288571.4,76393654.78119
2024-04-11T00:00:00,1.5217,1.5604,1.4753,1.4904,33437961.4,50462419.34358
2024-04-12T00:00:00,1.4904,1.5144,1.04,1.2394,91574972.6,118226373.92034
2024-04-13T00:00:00,1.2395,1.2461,0.8856,1.0611,125853856.5,137390602.07075
2024-04-14T00:00:00,1.0612,1.2097,1.0246,1.1985,97501860.2,109845695.8555
2024-04-15T00:00:00,1.1983,1.2982,1.1152,1.1716,72404119.7,87624610.97013
2024-04-16T00:00:00,1.1716,1.2335,1.105,1.2239,62164842.8,72702261.77305
2024-04-17T00:00:00,1.2239,1.3578,1.177,1.2598,77597271.6,97593026.11533
2024-04-18T00:00:00,1.2598,1.2885,1.1984,1.2552,58880494.0,73005586.14345
2024-04-19T00:00:00,1.2553,1.391,1.1347,1.3334,70321259.1,90070540.31267
2024-04-20T00:00:00,1.3331,1.4354,1.3048,1.4272,35667058.4,48450990.54071
2024-04-21T00:00:00,1.427,1.4448,1.3407,1.3706,26492903.9,36834904.69513
2024-04-22T00:00:00,1.3701,1.44,1.3542,1.3925,37627097.7,52651122.7658
2024-04-23T00:00:00,1.3924,1.4169,1.3105,1.3263,30877236.1,41855897.39932
2024-04-24T00:00:00,1.3262,1.3491,1.2366,1.2506,42188680.9,54876756.98685
2024-04-25T00:00:00,1.2508,1.2657,1.1876,1.2242,33394239.6,40877582.5602
2024-04-26T00:00:00,1.2242,1.2302,1.1614,1.1737,26300032.8,31275511.646
2024-04-27T00:00:00,1.1744,1.2323,1.118,1.2111,28262859.8,33513436.01088
2024-04-28T00:00:00,1.2112,1.2599,1.2058,1.2177,16291420.1,20216477.95799
2024-04-29T00:00:00,1.217,1.2315,1.1669,1.1921,23444592.6,27997569.13682
2024-04-30T00:00:00,1.1922,1.2059,1.072,1.1438,51828918.4,58663015.3721
2024-05-01T00:00:00,1.1434,1.1668,1.0683,1.1474,47808647.3,53265204.57223
2024-05-02T00:00:00,1.1474,1.1606,1.0926,1.1212,25852856.6,29214004.74788
2024-05-03T00:00:00,1.121,1.1468,1.0693,1.1119,50935228.5,56411826.45786
2024-05-04T00:00:00,1.1116,1.1249,1.0766,1.091,69997409.6,76658369.61787
2024-05-05T00:00:00,1.091,1.1216,1.0535,1.0954,45275978.2,49292188.71041
2024-05-06T00:00:00,1.0956,1.1519,1.0787,1.0932,66082235.6,73811167.8549
2024-05-07T00:00:00,1.0933,1.145,1.0755,1.0797,53295683.6,59290553.61019
2024-05-08T00:00:00,1.0796,1.0833,1.0048,1.0105,38955874.9,40945620.51747
2024-05-09T00:00:00,1.0104,1.0404,0.9738,1.0262,46259992.3,46362917.48722
2024-05-10T00:00:00,1.0262,1.1108,1.0022,1.0076,66435807.9,69970018.75565
2024-05-11T00:00:00,1.0076,1.0325,0.9901,0.9944,23345682.6,23538284.50502
2024-05-12T00:00:00,0.9944,1.0208,0.9917,1.0037,15056829.7,15163936.29667
2024-05-13T00:00:00,1.004,1.0148,0.9426,0.9696,38437656.7,37559829.15641
2024-05-14T00:00:00,0.9695,0.9765,0.8851,0.8964,40546690.1,37398459.11906
2024-05-15T00:00:00,0.8965,1.0266,0.8859,0.9921,57859367.5,55404365.5585
2024-05-16T00:00:00,0.9918,1.0754,0.9753,1.024,63811892.7,65523960.93246
2024-05-17T00:00:00,1.024,1.1087,1.0092,1.0755,50588536.8,53659539.90159
2024-05-18T00:00:00,1.0755,1.0898,1.0516,1.0811,33072478.0,35571304.71698
2024-05-19T00:00:00,1.0811,1.0894,1.0182,1.0269,23170385.9,24347619.60227
2024-05-20T00:00:00,1.0268,1.147,1.0081,1.1467,55969198.3,61503181.82352
2024-05-21T00:00:00,1.1466,1.172,1.1173,1.1406,42448589.0,48614300.40257
2024-05-22T00:00:00,1.1407,1.1544,1.0809,1.1051,35988446.4,40091299.10979
2024-05-23T00:00:00,1.1054,1.1335,1.0038,1.0764,59853518.9,64923922.76307
2024-05-24T00:00:00,1.0762,1.0858,1.0316,1.0676,29968259.4,31714146.84378
2024-05-25T00:00:00,1.0676,1.0837,1.051,1.0629,18130530.3,19341307.28328
2024-05-26T00:00:00,1.0629,1.0704,1.0221,1.0419,24747249.2,25788750.82105
2024-05-27T00:00:00,1.042,1.0829,1.0313,1.0743,26222430.3,27769026.47566
2024-05-28T00:00:00,1.0744,1.0759,1.0137,1.0303,31740830.6,32939673.4236
2024-05-29T00:00:00,1.0302,1.0475,1.0081,1.0165,26490573.8,27306330.88084
2024-05-30T00:00:00,1.0164,1.0354,0.98,1.013,27003673.1,27311797.28525
2024-05-31T00:00:00,1.0129,1.034,0.9951,1.0234,19765509.5,20054169.31521
2024-06-01T00:00:00,1.0233,1.0365,1.0096,1.024,12928706.5,13237194.37059
2024-06-02T00:00:00,1.0239,1.0389,1.007,1.0164,18643898.5,19063486.10377
2024-06-03T00:00:00,1.0165,1.0561,1.0134,1.04,25420198.1,26467802.03975
2024-06-04T00:00:00,1.0399,1.0559,1.0121,1.054,23556842.0,24337951.78771
2024-06-05T00:00:00,1.0539,1.1049,1.0463,1.1041,37117447.2,40116171.13891
2024-06-06T00:00:00,1.1041,1.1364,1.0857,1.1132,32681986.7,36368655.94743
2024-06-07T00:00:00,1.1132,1.1719,0.983,1.081,71390493.1,78920978.60803
2024-06-08T00:00:00,1.0809,1.1711,1.0637,1.1041,66568450.9,74354689.36134
2024-06-09T00:00:00,1.104,1.1295,1.0639,1.094,36383658.5,39866610.0022
2024-06-10T00:00:00,1.094,1.0964,1.0311,1.0338,35749513.2,37890519.99681
2024-06-11T00:00:00,1.0338,1.0439,0.98,0.9921,35039005.0,35486508.93562
2024-06-12T00:00:00,0.9922,1.0545,0.96,1.0185,42348013.6,42938160.73531
2024-06-13T00:00:00,1.0186,1.0207,0.9583,0.9658,26224475.2,25940115.12863
2024-06-14T00:00:00,0.9659,1.0032,0.9021,0.9294,33126737.5,31549715.09807
2024-06-15T00:00:00,0.9295,0.9594,0.9261,0.9444,15957712.9,15091891.88715
2024-06-16T00:00:00,0.9446,0.97,0.9232,0.9698,13246679.3,12514472.52437
2024-06-17T00:00:00,0.9699,0.9852,0.8616,0.8907,35360997.9,32292580.48514
2024-06-18T00:00:00,0.8909,0.8943,0.753,0.8001,63848818.4,51273954.81966
2024-06-19T00:00:00,0.8001,0.8758,0.7912,0.8654,32788758.2,27528488.92611
2024-06-20T00:00:00,0.8655,0.9239,0.8582,0.8942,29446722.3,26309434.81588
2024-06-21T00:00:00,0.8944,0.9203,0.8662,0.9201,29794877.7,26684516.7609
2024-06-22T00:00:00,0.92,0.9247,0.8875,0.8909,14920583.4,13491768.8237
2024-06-23T00:00:00,0.8907,0.9433,0.8775,0.8811,24871068.4,22672693.28064
2024-06-24T00:00:00,0.8812,0.8987,0.8075,0.8949,46237797.5,39500693.51077
2024-06-25T00:00:00,0.8949,0.907,0.8695,0.8785,23223876.4,20625027.70337
2024-06-26T00:00:00,0.8783,0.8905,0.8201,0.8297,20735647.8,17621847.78769
2024-06-27T00:00:00,0.8296,0.8714,0.8257,0.8368,16023314.4,13518238.54402
2024-06-28T00:00:00,0.8368,0.8448,0.7864,0.7908,19491347.4,15899286.55468
2024-06-29T00:00:00,0.7907,0.8059,0.78,0.7825,11303682.5,9006817.105
2024-06-30T00:00:00,0.7825,0.825,0.7728,0.8201,14990091.2,11946248.39619
2024-07-01T00:00:00,0.82,0.8357,0.8056,0.8092,12705330.0,10428101.43662
2024-07-02T00:00:00,0.8092,0.837,0.7997,0.8254,12702147.7,10382959.23884
2024-07-03T00:00:00,0.8256,0.83,0.7673,0.776,19755637.7,15753126.1066
2024-07-04T00:00:00,0.7761,0.7835,0.6697,0.6736,44684192.6,32259092.00168
2024-07-05T00:00:00,0.6735,0.6748,0.5728,0.6439,98167274.0,61079130.69516
2024-07-06T00:00:00,0.6439,0.7003,0.6398,0.6938,23188963.4,15513281.20385
2024-07-07T00:00:00,0.6938,0.6981,0.6368,0.64,25868404.1,17466200.90906
2024-07-08T00:00:00,0.6401,0.697,0.6126,0.6734,42404731.7,28124932.89695
2024-07-09T00:00:00,0.6733,0.7559,0.6666,0.7434,35158769.2,24962713.32729
2024-07-10T00:00:00,0.7434,0.7677,0.7193,0.7379,36383341.8,26976712.81686
2024-07-11T00:00:00,0.738,0.7786,0.7267,0.7558,33474603.6,25335265.8993
2024-07-12T00:00:00,0.7559,0.7718,0.7308,0.7483,22967832.9,17198924.65902
2024-07-13T00:00:00,0.7484,0.7673,0.7428,0.7579,9163058.1,6908944.0483
2024-07-14T00:00:00,0.7579,0.8194,0.7569,0.8073,23343492.4,18630017.95876
2024-07-15T00:00:00,0.807,0.8496,0.7931,0.8442,22725535.0,18461638.75196
2024-07-16T00:00:00,0.844,0.8836,0.8159,0.8673,32832533.2,27975412.45167
2024-07-17T00:00:00,0.8674,0.892,0.8391,0.8401,26136809.1,22656904.04578
2024-07-18T00:00:00,0.8402,0.8568,0.7862,0.8109,27442227.9,22693675.97528
2024-07-19T00:00:00,0.811,0.8631,0.7965,0.854,27127662.0,22569840.98681
2024-07-20T00:00:00,0.854,0.8918,0.8434,0.8503,36547373.6,31600422.43914
2024-07-21T00:00:00,0.8505,0.8596,0.8104,0.8591,22050839.5,18571148.35616
2024-07-22T00:00:00,0.8593,0.9024,0.8258,0.8314,33518533.2,28891835.00621
2024-07-23T00:00:00,0.8314,0.8471,0.8,0.8145,23866701.7,19694197.99039
2024-07-24T00:00:00,0.8144,0.8262,0.7646,0.7709,19026972.0,15222569.50904
2024-07-25T00:00:00,0.7708,0.7717,0.71,0.7497,31015641.8,22950992.25794
2024-07-26T00:00:00,0.7496,0.7934,0.7466,0.7872,15562233.3,12009889.25961
2024-07-27T00:00:00,0.7872,0.799,0.7631,0.7844,15518756.2,12161204.89884
2024-07-28T00:00:00,0.7844,0.7844,0.7435,0.7498,10504405.1,8034222.6862
2024-07-29T00:00:00,0.7498,0.7851,0.7362,0.74,22378568.5,17148175.73913
2024-07-30T00:00:00,0.7401,0.7511,0.694,0.7078,16197072.1,11712895.81898
2024-07-31T00:00:00,0.7078,0.7264,0.6936,0.7071,20256732.5,14394812.94124
2024-08-01T00:00:00,0.7071,0.718,0.6571,0.6961,30174666.1,20901845.37913
2024-08-02T00:00:00,0.6959,0.7007,0.6347,0.6381,28628162.9,19049864.96349
2024-08-03T00:00:00,0.6381,0.6537,0.5938,0.6104,27580379.5,17227247.13932
2024-08-04T00:00:00,0.6105,0.6297,0.563,0.5775,32259200.0,19158770.7647
2024-08-05T00:00:00,0.5777,0.5815,0.4625,0.5348,143632639.7,73879258.22197
2024-08-06T00:00:00,0.5349,0.6156,0.5342,0.6012,43417143.4,25361000.09786
2024-08-07T00:00:00,0.6013,0.6504,0.5905,0.6167,71136394.1,44617700.04515
2024-08-08T00:00:00,0.6168,0.8628,0.6,0.8525,106374470.5,76973594.89138
2024-08-09T00:00:00,0.8525,0.8799,0.8246,0.8552,86091811.2,72982797.85342
2024-08-10T00:00:00,0.8555,0.96,0.8482,0.9196,90203179.2,81567585.96923
2024-08-11T00:00:00,0.9195,0.9306,0.8585,0.8737,83318637.8,74749731.67287
2024-08-12T00:00:00,0.8735,1.1174,0.8731,1.0143,207599158.1,208378715.81788
2024-08-13T00:00:00,1.0143,1.0165,0.9324,0.9552,97919896.3,94735538.40837
2024-08-14T00:00:00,0.9552,0.9728,0.886,0.934,95649879.3,88229763.20527
2024-08-15T00:00:00,0.934,0.9394,0.8231,0.8452,90003021.0,79124797.61841
2024-08-16T00:00:00,0.8452,0.8847,0.8062,0.8117,74650146.7,62675846.24037
2024-08-17T00:00:00,0.8118,0.851,0.7982,0.8281,49766820.4,40891717.20317
2024-08-18T00:00:00,0.8281,0.8573,0.8182,0.8246,51174429.8,42809418.33257
2024-08-19T00:00:00,0.8247,0.9172,0.8104,0.9012,76421562.7,65803911.87257
2024-08-20T00:00:00,0.9012,0.9295,0.8657,0.8706,64981265.0,58095086.35624
2024-08-21T00:00:00,0.8706,0.8845,0.8323,0.8496,51840109.5,44412054.33637
2024-08-22T00:00:00,0.8495,0.8652,0.8334,0.852,32927573.8,27873034.51542
2024-08-23T00:00:00,0.8521,1.0365,0.851,1.0158,127653951.2,121711806.52369
2024-08-24T00:00:00,1.0158,1.0565,0.9855,1.018,72774929.3,73920850.67729
2024-08-25T00:00:00,1.018,1.022,0.9566,0.999,51571297.2,51249887.08674
2024-08-26T00:00:00,0.9988,1.0144,0.9263,0.9265,61512975.2,59456702.99056
2024-08-27T00:00:00,0.9265,0.9768,0.8321,0.8475,98545184.1,89561939.57838
2024-08-28T00:00:00,0.8475,0.8513,0.7624,0.8098,102134172.2,83345588.51356
2024-08-29T00:00:00,0.8099,0.8545,0.793,0.8034,43376613.9,35885002.9297
2024-08-30T00:00:00,0.8031,0.8378,0.7662,0.8319,54436347.4,43749413.52567
2024-08-31T00:00:00,0.8319,0.8363,0.7843,0.7962,18408188.0,14948120.53777
2024-09-01T00:00:00,0.7961,0.8129,0.756,0.7606,31744602.4,25025452.96507
2024-09-02T00:00:00,0.7606,0.799,0.7415,0.7871,49959677.0,38577151.2955
2024-09-03T00:00:00,0.7869,0.8376,0.78,0.7853,70342965.8,56695694.93775
2024-09-04T00:00:00,0.7853,0.8339,0.7487,0.8089,84941125.8,67696760.35987
2024-09-05T00:00:00,0.809,0.8403,0.78,0.7971,57948202.9,47012731.9622
2024-09-06T00:00:00,0.7969,0.888,0.7889,0.8376,133475992.0,111895677.29798
2024-09-07T00:00:00,0.8377,0.918,0.8288,0.8914,86081760.4,74825008.02011
2024-09-08T00:00:00,0.8914,0.9865,0.8842,0.9393,121487123.5,114485482.75632
2024-09-09T00:00:00,0.9393,0.974,0.8948,0.9581,99835988.8,92645742.94992
2024-09-10T00:00:00,0.9581,0.9711,0.9093,0.9179,67158179.2,62391705.83521
2024-09-11T00:00:00,0.918,0.9335,0.8663,0.9301,77852429.6,69596869.0349
2024-09-12T00:00:00,0.9301,1.0711,0.9272,1.0395,172554812.2,176202533.60271
2024-09-13T00:00:00,1.0395,1.0485,0.9927,1.0275,77659545.6,79193129.71808
2024-09-14T00:00:00,1.0275,1.0692,1.0031,1.0445,70951080.9,73127089.60145
2024-09-15T00:00:00,1.0445,1.142,1.041,1.0787,119458567.7,130570654.57394
2024-09-16T00:00:00,1.0787,1.13,1.0227,1.0419,121959331.6,131154849.58937
2024-09-17T00:00:00,1.042,1.1907,1.0177,1.1694,138968931.6,157737378.77209
2024-09-18T00:00:00,1.1694,1.3182,1.1423,1.3141,158333097.3,191889455.24642
2024-09-19T00:00:00,1.3142,1.411,1.3078,1.379,143053971.8,194071975.01772
2024-09-20T00:00:00,1.3794,1.5769,1.3483,1.4698,194812369.3,288044090.95087
2024-09-21T00:00:00,1.4699,1.5125,1.4323,1.4816,74460372.8,110075844.73727
2024-09-22T00:00:00,1.4817,1.6341,1.421,1.5848,140413689.7,214870422.04651
2024-09-23T00:00:00,1.585,1.6466,1.5088,1.5348,122618733.6,191532268.49356
2024-09-24T00:00:00,1.5348,1.7929,1.4931,1.743,161221042.4,258914465.1295
2024-09-25T00:00:00,1.7431,1.7755,1.646,1.6978,108055585.2,185806349.94545
2024-09-26T00:00:00,1.6978,1.7575,1.6003,1.6401,124514188.2,211220852.1007
2024-09-27T00:00:00,1.6401,1.7347,1.6148,1.6568,92755138.1,155703102.63139
2024-09-28T00:00:00,1.6568,1.6936,1.6069,1.687,54053976.4,88770009.67001
2024-09-29T00:00:00,1.6869,1.85,1.628,1.758,125526080.0,219837492.53862
2024-09-30T00:00:00,1.7585,1.8408,1.7012,1.7743,98018408.3,172933057.20663
2024-10-01T00:00:00,1.7742,1.9335,1.6589,1.7571,211076097.4,381243699.78298
2024-10-02T00:00:00,1.7572,1.9319,1.7387,1.856,167386161.8,308459206.64414
2024-10-03T00:00:00,1.856,2.0116,1.5983,1.6633,213728209.7,386359921.56226
2024-10-04T00:00:00,1.6633,1.8239,1.6235,1.7731,148336372.4,257148261.44385
2024-10-05T00:00:00,1.7732,1.7884,1.6919,1.7541,61118272.0,105516042.03862
2024-10-06T00:00:00,1.7544,1.8666,1.7081,1.841,75059039.6,133247874.08122
2024-10-07T00:00:00,1.8409,2.168,1.8364,2.0173,191514458.7,385497166.31088
2024-10-08T00:00:00,2.0173,2.1347,1.9295,1.9868,147218821.7,297046894.50953
2024-10-09T00:00:00,1.9869,1.9974,1.8435,1.8755,118288209.7,227579008.21677
2024-10-10T00:00:00,1.8756,1.9049,1.7467,1.8345,109114892.5,198903082.98708
2024-10-11T00:00:00,1.8347,2.0876,1.79,2.054,132738620.2,260806572.95123
2024-10-12T00:00:00,2.054,2.2882,2.0032,2.2415,130700373.5,282217223.15618
2024-10-13T00:00:00,2.242,2.368,2.1235,2.3438,115307630.4,257246254.55338
2024-10-14T00:00:00,2.3436,2.3498,2.2089,2.2501,123867777.8,279339299.37788
2024-10-15T00:00:00,2.2502,2.2748,1.9725,2.0597,186775464.6,398485577.82408
2024-10-16T00:00:00,2.0596,2.1552,1.9758,2.0828,108691392.5,223139408.24499
2024-10-17T00:00:00,2.0829,2.1631,1.9973,2.0249,85940364.8,178692389.06436
2024-10-18T00:00:00,2.0248,2.1528,2.0088,2.1256,58367169.7,121453608.31129
2024-10-19T00:00:00,2.1256,2.1256,2.0401,2.0628,32190754.0,66654150.51482
2024-10-20T00:00:00,2.0627,2.1543,2.0433,2.1282,56575161.4,118824426.0166
2024-10-21T00:00:00,2.1283,2.1796,1.9972,2.0096,69497941.0,144125395.90362
2024-10-22T00:00:00,2.0096,2.0336,1.8758,1.9393,73977532.5,144497057.92839
2024-10-23T00:00:00,1.9394,1.999,1.8657,1.9775,78991736.4,151871724.05779
2024-10-24T00:00:00,1.9775,2.0518,1.925,1.9369,59493671.4,118241789.01801
2024-10-25T00:00:00,1.937,1.9443,1.64,1.752,86182096.1,158309761.14473
2024-10-26T00:00:00,1.752,1.8464,1.7004,1.795,65712671.0,116305048.48325
2024-10-27T00:00:00,1.7952,1.827,1.7248,1.7559,42099096.9,74837177.35224
2024-10-28T00:00:00,1.7559,1.7886,1.5983,1.7729,98007478.0,166170123.38293
2024-10-29T00:00:00,1.7726,2.0999,1.7637,2.0731,153598383.0,300658348.15859
2024-10-30T00:00:00,2.0718,2.1329,1.9783,2.0828,89395492.9,183636726.14419
2024-10-31T00:00:00,2.0827,2.0987,1.9368,1.9715,72447217.1,146053226.92914
2024-11-01T00:00:00,1.9715,2.1099,1.916,1.99,94842609.9,188971036.73192
2024-11-02T00:00:00,1.9905,2.0258,1.8687,1.9083,46068159.0,89154281.89919
2024-11-03T00:00:00,1.9083,1.9641,1.7715,1.9466,83263197.6,154674550.95242
2024-11-04T00:00:00,1.9464,1.9677,1.7914,1.8495,81131379.1,152634289.27934
2024-11-05T00:00:00,1.8494,2.0702,1.8421,2.009,101508126.5,199472781.30977
2024-11-06T00:00:00,2.0093,2.3554,1.999,2.3042,205768183.0,462071576.25599
2024-11-07T00:00:00,2.3038,2.388,2.2081,2.319,95635598.9,220038960.06147
2024-11-08T00:00:00,2.3193,2.3828,2.2044,2.2883,85454684.4,196043037.52273
2024-11-09T00:00:00,2.2883,2.85,2.2304,2.7477,134954950.8,334916243.47076
2024-11-10T00:00:00,2.7478,3.154,2.6971,3.0331,236070636.0,696023965.58525
2024-11-11T00:00:00,3.0328,3.314,3.0228,3.2726,199796358.7,637939251.65093
2024-11-12T00:00:00,3.2725,3.3317,2.8235,3.2151,175587404.0,540725442.85583
2024-11-13T00:00:00,3.2148,3.4424,2.85,3.3039,182732752.5,580323624.02614
2024-11-14T00:00:00,3.3039,3.5284,3.2233,3.3534,125389871.4,421613599.46405
2024-11-15T00:00:00,3.3532,3.6796,3.1,3.6107,116034766.3,390563508.02717
2024-11-16T00:00:00,3.6108,3.936,3.5792,3.7607,108161146.4,407119125.87105
2024-11-17T00:00:00,3.761,3.9409,3.5732,3.7839,111441563.6,418296601.94244
2024-11-18T00:00:00,3.7846,3.9098,3.6057,3.6992,83318827.7,311301569.21275
2024-11-19T00:00:00,3.6993,3.85,3.6043,3.724,63587904.5,236838076.9693
2024-11-20T00:00:00,3.7238,3.8443,3.4229,3.5247,85245452.8,312147651.28531
2024-11-21T00:00:00,3.5249,3.697,3.3232,3.6252,101461563.7,360270592.62134
2024-11-22T00:00:00,3.6253,3.6556,3.3934,3.5653,75576988.5,266374840.21395
2024-11-23T00:00:00,3.5649,3.6596,3.34,3.4367,92252268.0,326039217.09434
2024-11-24T00:00:00,3.4369,3.5705,3.1367,3.3958,83624554.9,281074204.63941
2024-11-25T00:00:00,3.3963,3.4853,3.1013,3.1926,97009654.6,320031529.6374
2024-11-26T00:00:00,3.192,3.5414,2.9722,3.4944,131509948.2,431232286.03307
2024-11-27T00:00:00,3.4944,3.5028,3.2751,3.4332,73196702.5,248692261.23715
2024-11-28T00:00:00,3.4332,3.6554,3.3922,3.4436,73918092.7,260352969.5192
2024-11-29T00:00:00,3.4436,3.58,3.3584,3.4856,62817169.5,217256730.17359
2024-11-30T00:00:00,3.4855,3.5339,3.4115,3.4758,44862843.1,155520985.71919
2024-12-01T00:00:00,3.4759,3.5339,3.3336,3.4763,48248863.1,165656488.41945
2024-12-02T00:00:00,3.4763,3.493,3.1783,3.3894,72501101.3,238811394.09561
2024-12-03T00:00:00,3.3896,3.8785,3.3225,3.6951,190168789.2,696859980.07776
2024-12-04T00:00:00,3.6955,3.7933,3.5214,3.6737,93733342.4,343735747.18474
2024-12-05T00:00:00,3.6734,4.4453,3.5261,4.2274,214178300.3,870060891.49101
2024-12-06T00:00:00,4.2269,4.49,4.0752,4.2171,130522393.0,554207763.30178
2024-12-07T00:00:00,4.2171,4.4487,4.1542,4.2589,64229595.1,276505217.44123
2024-12-08T00:00:00,4.2591,4.3983,4.1214,4.2322,45534245.1,192766275.12533
2024-12-09T00:00:00,4.2311,4.27,3.35,3.8379,132662733.3,521716718.56804
2024-12-10T00:00:00,3.837,3.8984,3.4631,3.7135,121862641.1,451506305.91128
2024-12-11T00:00:00,3.7135,4.406,3.5657,4.3728,100136534.4,400060694.22471
2024-12-12T00:00:00,4.3729,4.9136,4.3543,4.6209,146971444.5,689194504.64607
2024-12-13T00:00:00,4.6205,4.9269,4.5402,4.7623,79617007.8,377342535.71106
2024-12-14T00:00:00,4.7622,4.8455,4.3502,4.4592,50497435.7,231909132.22999
2024-12-15T00:00:00,4.4595,4.85,4.3514,4.7834,56881957.6,261511231.54209
2024-12-16T00:00:00,4.7842,4.96,4.5987,4.6286,69394598.3,330318419.01531
2024-12-17T00:00:00,4.6282,4.868,4.5659,4.6409,56088100.0,264023831.61017
2024-12-18T00:00:00,4.6408,4.763,4.19,4.3361,84978873.3,383516960.5165
2024-12-19T00:00:00,4.3362,4.5984,3.9339,4.0754,131068350.3,556602839.55491
2024-12-20T00:00:00,4.0753,4.6193,3.492,4.5815,197631937.0,800618109.34125
2024-12-21T00:00:00,4.5816,4.9099,4.2305,4.3629,122761811.8,564629119.61163
2024-12-22T00:00:00,4.363,4.5951,4.164,4.3257,98198185.5,431465382.57114
2024-12-23T00:00:00,4.3258,4.7576,4.1089,4.7163,95752445.5,416602281.62882
2024-12-24T00:00:00,4.716,4.758,4.4647,4.6059,66727550.6,308523550.74435
2024-12-25T00:00:00,4.606,4.6442,4.4531,4.4983,37173241.8,168879320.69572
2024-12-26T00:00:00,4.4986,4.5342,4.1483,4.2024,49242072.1,211414361.14438
2024-12-27T00:00:00,4.2023,4.4153,4.0542,4.0847,53508066.9,225916810.00085
2024-12-28T00:00:00,4.0848,4.2678,3.9782,4.2133,39076586.4,159987972.90674
2024-12-29T00:00:00,4.2133,4.28,4.0527,4.0921,26878303.7,111972725.46228
2024-12-30T00:00:00,4.0922,4.3748,3.946,4.1811,58145109.7,240995969.40754
2024-12-31T00:00:00,4.1812,4.3463,4.0479,4.1225,46337644.7,194583309.70487
2025-01-01T00:00:00,4.1226,4.3187,4.046,4.2847,27318153.9,114224406.22836
2025-01-02T00:00:00,4.2848,4.4659,4.256,4.3526,33034319.5,144153162.40061
2025-01-03T00:00:00,4.3527,4.9888,4.2436,4.9843,60704503.6,281204553.07935
2025-01-04T00:00:00,4.9842,5.3598,4.8406,5.2902,97832735.2,501566604.0401
2025-01-05T00:00:00,5.2902,5.3256,5.1183,5.2443,46958284.4,244722983.87301
2025-01-06T00:00:00,5.2444,5.3687,4.9779,5.09,50481892.3,262682934.51149
2025-01-07T00:00:00,5.09,5.1717,4.75,4.7852,61451024.6,304345370.83476
2025-01-08T00:00:00,4.7852,4.9159,4.3853,4.8961,94015646.0,437071354.09653
2025-01-09T00:00:00,4.896,4.896,4.4954,4.7506,83277878.8,391554184.73563
2025-01-10T00:00:00,4.7506,5.2519,4.7338,5.1229,111348040.6,559442206.688
2025-01-11T00:00:00,5.1229,5.1429,4.9039,4.97,39482185.7,198223856.94912
2025-01-12T00:00:00,4.9699,4.9823,4.6884,4.7328,35496800.3,171003504.16001
2025-01-13T00:00:00,4.7328,4.8606,4.253,4.7487,125931651.2,569470324.64705
2025-01-14T00:00:00,4.7488,4.764,4.5411,4.5855,64780920.8,299946672.0508
2025-01-15T00:00:00,4.5855,4.8919,4.4326,4.8359,91476529.6,427642243.72661
2025-01-16T00:00:00,4.836,5.0574,4.5802,4.749,81163872.3,386823078.45609
2025-01-17T00:00:00,4.749,4.9687,4.7121,4.8382,71402361.1,346831932.54395
2025-01-18T00:00:00,4.8381,5.1396,4.6107,5.004,87501287.3,423904315.38675
2025-01-19T00:00:00,5.004,5.0275,4.3903,4.5071,134825955.2,645597465.51562
2025-01-20T00:00:00,4.5067,4.847,4.29,4.4181,147342800.5,668531715.04261
2025-01-21T00:00:00,4.4181,4.7989,4.2167,4.6581,76128629.9,340315876.22081
2025-01-22T00:00:00,4.658,4.7055,4.452,4.4711,35303085.6,161865690.39866
2025-01-23T00:00:00,4.471,4.4778,4.156,4.3023,56848852.3,247175451.10509
2025-01-24T00:00:00,4.3023,4.4841,4.1612,4.2016,50007617.8,216835077.48454
2025-01-25T00:00:00,4.2017,4.2598,4.0985,4.13,33973139.0,141567790.63876
2025-01-26T00:00:00,4.13,4.2226,3.8618,3.87,34787808.1,142004459.80964
2025-01-27T00:00:00,3.8701,4.0167,3.4952,3.9636,140489186.3,522326365.98256
2025-01-28T00:00:00,3.9637,4.0138,3.6087,3.6528,52312596.3,200392834.62927
2025-01-29T00:00:00,3.6535,3.8927,3.6011,3.6984,60464171.7,226016165.00909
2025-01-30T00:00:00,3.6985,4.2148,3.6661,4.118,73929975.6,300393808.72281
2025-01-31T00:00:00,4.1181,4.2526,4.0105,4.0891,62078630.9,257617325.759
2025-02-01T00:00:00,4.0883,4.1195,3.721,3.7347,39607209.4,155692803.09766
2025-02-02T00:00:00,3.7347,3.8588,3.0758,3.3072,107395689.2,372371454.99692
2025-02-03T00:00:00,3.3073,3.8325,2.39,3.6504,321356313.1,1010989900.05672
2025-02-04T00:00:00,3.6504,3.8999,3.2744,3.594,160602043.0,572777034.48152
2025-02-05T00:00:00,3.5951,3.7202,3.3029,3.3302,86612120.2,304178842.8738
2025-02-06T00:00:00,3.3303,3.5123,3.1045,3.1358,97129245.8,319860044.98338
2025-02-07T00:00:00,3.1358,3.3875,2.9042,3.0139,105259883.6,333364444.06454
2025-02-08T00:00:00,3.014,3.0893,2.8832,3.0624,60451283.9,180253017.3224
2025-02-09T00:00:00,3.0627,3.1831,2.8679,2.9952,64793426.4,197218383.00773
2025-02-10T00:00:00,2.9951,3.3072,2.9006,3.2159,89129532.2,282072070.78758
2025-02-11T00:00:00,3.2158,3.5854,3.2012,3.3279,98989961.3,338332335.41751
2025-02-12T00:00:00,3.3278,3.6699,3.08,3.5821,119295684.7,394579551.44583
2025-02-13T00:00:00,3.5822,3.6566,3.4093,3.4676,68961005.5,242861092.95477
2025-02-14T00:00:00,3.4677,3.7386,3.4267,3.5531,62311129.3,223429029.09112
2025-02-15T00:00:00,3.5532,3.5995,3.3736,3.4178,32754215.9,113532266.89449
2025-02-16T00:00:00,3.4177,3.4638,3.2482,3.2688,33620742.0,112494482.61635
2025-02-17T00:00:00,3.2689,3.3573,3.1437,3.2183,48973002.6,159330322.28984
2025-02-18T00:00:00,3.2183,3.2352,2.9205,3.0652,73888005.2,226323120.21903
2025-02-19T00:00:00,3.0653,3.2601,3.0059,3.2182,69343352.9,218670192.58722
2025-02-20T00:00:00,3.2182,3.4801,3.1891,3.4508,56275911.9,187884832.42574
2025-02-21T00:00:00,3.4507,3.5699,3.2213,3.2695,80214581.0,274358275.50661
2025-02-22T00:00:00,3.2696,3.4551,3.2516,3.4216,34073643.0,115113669.9203
2025-02-23T00:00:00,3.4216,3.4866,3.2852,3.3782,31629408.2,106767930.52495
2025-02-24T00:00:00,3.3782,3.4496,2.8,2.8304,114909197.3,358019823.66497
2025-02-25T00:00:00,2.8304,3.0158,2.6338,2.9577,197736823.3,552309825.05146
2025-02-26T00:00:00,2.9577,3.096,2.7434,2.8831,113387130.8,331779673.29189
2025-02-27T00:00:00,2.8832,2.9803,2.7588,2.7888,65376606.4,187912138.11893
2025-02-28T00:00:00,2.7889,2.8577,2.5165,2.83,110185577.6,294541613.93093
2025-03-01T00:00:00,2.8301,2.925,2.7816,2.8194,45305597.7,128605545.28638
2025-03-02T00:00:00,2.8195,3.2513,2.791,3.1935,101360907.0,309090775.69669
2025-03-03T00:00:00,3.1935,3.2073,2.5831,2.6179,92351353.1,265766672.4244
2025-03-04T00:00:00,2.6181,2.6534,2.2559,2.5262,146366349.3,357522238.92023
2025-03-05T00:00:00,2.5261,2.6909,2.4424,2.6332,73567270.5,186841985.52765
2025-03-06T00:00:00,2.6331,3.0,2.5879,2.7361,133130182.3,374245147.30691
2025-03-07T00:00:00,2.7361,2.8909,2.5613,2.5826,131733779.8,358497775.63756
2025-03-08T00:00:00,2.5827,2.6299,2.4674,2.4834,31604374.1,80785080.95719
2025-03-09T00:00:00,2.4833,2.5251,2.251,2.2898,52208202.9,123816363.49821
2025-03-10T00:00:00,2.2899,2.4494,2.0577,2.0888,96302349.2,215730979.23559
2025-03-11T00:00:00,2.089,2.3063,1.9626,2.2288,105937935.5,228032799.40781
2025-03-12T00:00:00,2.2297,2.3762,2.1716,2.2854,66541272.6,150213704.30687
2025-03-13T00:00:00,2.2846,2.343,2.1143,2.1635,53460809.9,119230754.37128
2025-03-14T00:00:00,2.1635,2.3862,2.1592,2.3254,52363087.0,119360418.61458
2025-03-15T00:00:00,2.3249,2.4269,2.3,2.3523,35560593.8,83787106.42901
2025-03-16T00:00:00,2.3523,2.3677,2.2051,2.2314,36884877.2,83679233.72626
2025-03-17T00:00:00,2.2314,2.3815,2.2288,2.379,58479643.4,135149031.42863
2025-03-18T00:00:00,2.379,2.3884,2.2206,2.2847,52490169.1,120369849.47484
2025-03-19T00:00:00,2.2848,2.4867,2.2771,2.4745,65904441.8,156362520.64161
2025-03-20T00:00:00,2.4744,2.5014,2.3431,2.3571,44620336.1,108357288.14602
2025-03-21T00:00:00,2.3567,2.3694,2.2325,2.2527,45241389.7,103244753.76636
2025-03-22T00:00:00,2.2525,2.3089,2.2331,2.2638,22756938.9,51768951.67303
2025-03-23T00:00:00,2.2638,2.3006,2.2358,2.2925,25644230.9,58130769.51111
2025-03-24T00:00:00,2.2926,2.4508,2.2604,2.3975,55889399.0,133063565.8937
2025-03-25T00:00:00,2.3975,2.4843,2.3344,2.4574,50925088.2,123193808.16529
2025-03-26T00:00:00,2.4575,2.6527,2.4391,2.6198,77655518.4,199820954.29252
2025-03-27T00:00:00,2.6196,2.8309,2.6069,2.7811,93460343.4,255606598.09262
2025-03-28T00:00:00,2.7808,2.799,2.4698,2.5058,78257048.7,202795211.66439
2025-03-29T00:00:00,2.5058,2.5458,2.2492,2.3114,61443288.4,145514758.88243
2025-03-30T00:00:00,2.3114,2.4556,2.2804,2.3515,47804054.1,113284080.63578
2025-03-31T00:00:00,2.3518,2.3567,2.1815,2.2674,59087121.9,133921766.81842
2025-04-01T00:00:00,2.2674,2.5279,2.2522,2.4075,62984749.6,151392851.45178
2025-04-02T00:00:00,2.4076,2.55,2.2524,2.3081,86360879.7,208823154.18037
2025-04-03T00:00:00,2.3079,2.4391,2.1821,2.2632,98448961.8,225344010.84899
2025-04-04T00:00:00,2.2635,2.325,2.1285,2.2577,97462219.3,216769606.1716
2025-04-05T00:00:00,2.2577,2.2776,2.1815,2.2163,27124305.9,60280120.56976
2025-04-06T00:00:00,2.2164,2.2244,1.8829,1.9215,68127350.2,137618927.27641
2025-04-07T00:00:00,1.9215,2.1,1.7174,2.0191,165709258.1,318221737.269
2025-04-08T00:00:00,2.0192,2.1031,1.9239,1.9306,84463274.4,170420500.9303
2025-04-09T00:00:00,1.9306,2.2887,1.8627,2.2217,160205439.4,329050136.37852
2025-04-10T00:00:00,2.2216,2.2304,2.0511,2.1127,85593794.4,182707565.08969
2025-04-11T00:00:00,2.1126,2.2499,2.0966,2.1882,79566591.5,174054285.28473
2025-04-12T00:00:00,2.188,2.3979,2.1575,2.3463,87819932.1,199072645.03622
2025-04-13T00:00:00,2.3465,2.4175,2.2032,2.2335,92321218.3,212563294.86165
2025-04-14T00:00:00,2.2335,2.351,2.1724,2.1925,80868576.1,183080924.68806
2025-04-15T00:00:00,2.1925,2.25,2.0836,2.0889,66752360.6,145116963.17999
2025-04-16T00:00:00,2.0887,2.1356,2.0212,2.0555,58137294.5,121195210.51621
2025-04-17T00:00:00,2.0556,2.1705,2.0437,2.123,40058347.3,84399845.95423
2025-04-18T00:00:00,2.1231,2.1542,2.0951,2.1202,25360734.4,53842768.53296
2025-04-19T00:00:00,2.1203,2.1789,2.1111,2.1549,23389048.1,50202764.16442
2025-04-20T00:00:00,2.155,2.1722,2.0821,2.1135,29291969.0,62038342.39927
2025-04-21T00:00:00,2.1135,2.2852,2.1096,2.1964,67546675.2,149639999.75498
2025-04-22T00:00:00,2.1965,2.7488,2.1679,2.6674,100338186.2,243255176.2921
2025-04-23T00:00:00,2.6672,3.0786,2.6672,2.9662,170451488.1,496130065.36921
2025-04-24T00:00:00,2.9656,3.3944,2.895,3.3437,165560735.6,520483774.23431
2025-04-25T00:00:00,3.3438,3.8121,3.2736,3.519,172234622.0,616614478.40952
2025-04-26T00:00:00,3.519,3.6491,3.3554,3.5197,77689856.2,272574688.43887
2025-04-27T00:00:00,3.5198,3.6551,3.4235,3.5581,63830142.5,228416517.0649
2025-04-28T00:00:00,3.5579,3.875,3.39,3.5265,131536628.8,478229700.14034
2025-04-29T00:00:00,3.5269,3.6349,3.4199,3.5319,70168616.8,249163218.2572
2025-04-30T00:00:00,3.5318,3.6036,3.2721,3.5053,73777963.2,254217933.67379
2025-05-01T00:00:00,3.5051,3.7666,3.4551,3.5504,87841188.9,319197394.0827
2025-05-02T00:00:00,3.5504,3.5717,3.3891,3.4259,82362008.0,286257083.48814
2025-05-03T00:00:00,3.4259,3.4637,3.265,3.3351,50521532.7,170174891.45504
2025-05-04T00:00:00,3.3353,3.36,3.1548,3.2747,53017924.9,172290887.08983
2025-05-05T00:00:00,3.2748,3.4942,3.2109,3.4234,90863023.4,308717072.36037
2025-05-06T00:00:00,3.4231,3.4277,3.12,3.3458,93102241.9,304706091.15145
2025-05-07T00:00:00,3.3461,3.4467,3.2333,3.3314,71412580.9,239351839.78621
2025-05-08T00:00:00,3.3308,4.1,3.3157,4.0335,163470657.1,615227202.08014
2025-05-09T00:00:00,4.0332,4.0771,3.8141,3.9504,128396302.2,507283841.55432
2025-05-10T00:00:00,3.9503,4.158,3.833,4.1214,85767613.4,341841317.86496
2025-05-11T00:00:00,4.1213,4.274,3.8902,4.0175,85432431.6,346354207.38261
2025-05-12T00:00:00,4.0176,4.2989,3.808,3.9632,130517259.4,529026218.55344
2025-05-13T00:00:00,3.9632,4.1139,3.815,4.0632,64931065.9,258425635.61334
2025-05-14T00:00:00,4.0631,4.0834,3.8523,3.9152,47943485.7,189241142.39943
2025-05-15T00:00:00,3.9154,3.96,3.6358,3.8486,71854598.0,273039630.47283
2025-05-16T00:00:00,3.8487,3.9513,3.7186,3.7802,46040992.3,178201055.56652
2025-05-17T00:00:00,3.7802,3.863,3.672,3.8018,39719906.7,150033442.07038
2025-05-18T00:00:00,3.8016,4.0051,3.6888,3.9423,71416775.7,274672509.48594
2025-05-19T00:00:00,3.9423,3.9725,3.5842,3.8373,71432718.4,267379765.64659
2025-05-20T00:00:00,3.8375,3.941,3.7802,3.8542,67528028.8,261199964.43175
2025-05-21T00:00:00,3.8543,4.0685,3.7974,3.9286,77556990.9,303029450.43589
2025-05-22T00:00:00,3.9289,4.2,3.6589,3.8898,180500120.7,711993519.27773
2025-05-23T00:00:00,3.8898,3.9599,3.5293,3.5816,128263134.0,478143504.38921
2025-05-24T00:00:00,3.5813,3.6963,3.5666,3.6258,31044909.3,113066291.94386
2025-05-25T00:00:00,3.6258,3.6664,3.4274,3.6005,50002405.7,177210130.49163
2025-05-26T00:00:00,3.6005,3.6615,3.454,3.4899,44047388.8,157040350.83051
2025-05-27T00:00:00,3.49,3.735,3.4041,3.6722,63220388.1,226861364.44847
2025-05-28T00:00:00,3.6722,3.7448,3.4807,3.605,47603217.2,172595633.64574
2025-05-29T00:00:00,3.6052,3.7508,3.5015,3.5254,52217314.0,188986981.73866
2025-05-30T00:00:00,3.5255,3.5508,3.1702,3.1881,81492069.6,276374340.30098
2025-05-31T00:00:00,3.1878,3.3133,3.053,3.2457,56459778.5,179826091.1165
2025-06-01T00:00:00,3.2457,3.3649,3.1857,3.343,28178349.4,92155301.63055
2025-06-02T00:00:00,3.3431,3.3701,3.2237,3.3309,33352248.5,109837343.16134
2025-06-03T00:00:00,3.3308,3.3911,3.2155,3.2512,31933667.1,105588647.71481
2025-06-04T00:00:00,3.2512,3.2923,3.1553,3.1632,30493695.7,98314138.70392
2025-06-05T00:00:00,3.1632,3.23,3.0739,3.0802,31942074.7,100739239.60057
