step,timestamp,size,price,fee,slippage,impact,position,balance,portfolio_value
6146,2018-09-16 11:00:00,0.66,6495.016294714245,3.2150330658835515,0.24320761316502953,-4.576912898920415,0.66,5709.859876884989,10000.0
6147,2018-09-16 12:00:00,-1.675,6513.124957578374,8.182113227957833,-0.6206268739192908,11.015584452294657,-1.0150000000000001,16610.61659338561,10001.661676884989
6148,2018-09-16 13:00:00,-0.291,6482.034325913623,1.414703991630648,-0.10727932289730469,2.0016052365206356,-1.306,18495.342022728437,10033.274493385608
6149,2018-09-16 14:00:00,1.739,6465.673166314708,8.43285422716596,0.6602625071519308,-11.487096192443072,0.43300000000000005,7242.493063978774,10037.033022728436
6150,2018-09-16 15:00:00,-1.305,6490.133688357972,6.352218347480365,-0.4772612877039402,8.610949645675875,-0.8719999999999999,15705.341827715281,10049.199063978775
6151,2018-09-16 16:00:00,0.23700000000000002,6479.357320874078,1.1517057637853674,0.08658393428030675,-1.5592630602026722,-0.6349999999999999,14168.473400334242,10054.058067715283
6152,2018-09-16 17:00:00,2.186,6459.881208230798,10.590975240894393,0.7961312134375312,-14.904922982639587,1.5510000000000002,35.44147600121323,10057.489750334244
6153,2018-09-16 18:00:00,-1.312,6496.32337737938,6.3923822033413105,-0.42681015963389796,8.79018753901307,0.2390000000000001,8551.799206106063,10098.267436001215
6154,2018-09-16 19:00:00,1.105,6498.477073038749,5.385612874280863,0.34811861321678034,-7.621045574467854,1.344,1365.2373866656799,10106.673456106064
6155,2018-09-16 20:00:00,-1.0030000000000001,6510.4726177657685,4.8975030267143005,-0.32788201713947407,8.56049978290857,0.34099999999999997,7890.017419056251,10104.24794666568
6156,2018-09-16 21:00:00,-1.7690000000000001,6504.159969393703,8.629394239393097,-0.5771046665834636,14.73707406028657,-1.4280000000000002,19386.671717725025,10103.10741905625
6157,2018-09-16 22:00:00,2.108,6483.481060456509,10.250383556581742,0.678927766817484,-16.977867310307907,0.6799999999999999,5708.506922163446,10104.985877725025
6158,2018-09-16 23:00:00,-0.311,6507.529890962922,1.5178813470671015,-0.10099705554121723,2.6308880184633407,0.36899999999999994,7730.729644816043,10131.906922163445
6159,2018-09-17 00:00:00,1.1420000000000001,6516.063510003283,5.581008396317813,0.35423988008382784,-8.000729876800504,1.5110000000000001,283.4320407695541,10137.978634816043
6160,2018-09-17 01:00:00,-2.543,6531.958904906453,12.458078621382834,-0.7505106158097729,14.699415522262685,-1.032,16880.914918750525,10132.145150769555
6161,2018-09-17 02:00:00,1.36,6510.209251366345,6.640413436393672,0.4024896717052892,-7.663238305360889,0.32800000000000007,8019.908838650097,10154.885878750523
6162,2018-09-17 03:00:00,-0.8130000000000001,6520.901542290386,3.9761197154115635,-0.2396284501151374,3.981170740501465,-0.485,13317.160598169075,10157.537318650098
6163,2018-09-17 04:00:00,-0.589,6479.422994101901,2.862285107644515,-0.16596905852249852,2.5189631604246157,-1.0739999999999998,17130.469707335127,10175.781648169075
6164,2018-09-17 05:00:00,2.069,6474.7837390564355,10.047245667080823,0.6402961305647061,-8.87655707412966,0.9950000000000001,3723.3853473817926,10167.706227335128
6165,2018-09-17 06:00:00,-1.031,6486.191961147661,5.015447933957429,-0.31857688677111595,4.310538034432512,-0.03599999999999981,10405.299448195476,10173.174347381793
6166,2018-09-17 07:00:00,-0.447,6481.54775370394,2.1729388844292457,-0.13191566956766312,1.6696693735071981,-0.4829999999999998,13300.23216111551,10172.019088195477
6168,2018-09-17 09:00:00,-0.539,6494.41006262995,2.6253652678181574,-0.15759398959941157,1.9076566195488966,-1.0219999999999998,16797.569446610807,10164.259527235545
6169,2018-09-17 10:00:00,0.28400000000000003,6477.030342182615,1.379607462884897,0.08133068622902925,-1.1509885036151686,-0.7379999999999998,14956.583459220534,10176.951246610808
6170,2018-09-17 11:00:00,2.106,6467.999031354494,10.216204470024424,0.6254791871944151,-8.566447832699847,1.368,1324.0529356315874,10177.339739220535
6171,2018-09-17 12:00:00,-0.613,6455.13079215683,2.9677463816941025,-0.18054142250128324,2.5713335793308185,0.7550000000000001,5277.882515083251,10151.401255631588
6172,2018-09-17 13:00:00,-1.982,6430.027033652121,9.558235185523877,-0.6250374630224547,9.012071115142765,-1.2269999999999999,18012.000644917192,10126.220715083251
6173,2018-09-17 14:00:00,2.382,6344.253926787448,11.334009640205776,0.8221662741433263,-11.348239486694665,1.1550000000000002,2887.853675803659,10214.685584917193
6174,2018-09-17 15:00:00,-0.20400000000000001,6266.572526438359,0.958785596545069,-0.09164007555598433,1.6041665139150205,0.9510000000000003,4165.211766560769,10123.99797580366
6175,2018-09-17 16:00:00,-1.121,6288.803805289584,5.287311799297218,-0.6499800235437493,24.683785313126364,-0.1699999999999997,11209.32103303781,10123.008036560772
6176,2018-09-17 17:00:00,-1.209,6346.846015827153,5.755002624851271,-0.7062422470202777,51.48225807417324,-1.3789999999999998,18876.40605431599,10138.989133037812
6177,2018-09-17 18:00:00,1.478,7006.462146792975,7.766663289720012,0.9328285636991294,707.5293182292752,0.0990000000000002,8512.520988926848,10191.464054315991
6178,2018-09-17 19:00:00,0.645,6293.580731009318,3.0445196786257576,0.4027351196304582,23.17799588968813,0.7440000000000002,4449.913929768637,9133.25098892685
6179,2018-09-17 20:00:00,-0.791,6206.550600570859,3.6820361437886624,-0.49148151502229487,-14.957917914118056,-0.04699999999999982,9355.367949600146,9079.08192976864
6180,2018-09-17 21:00:00,0.713,6262.59879451186,3.348924705365217,0.45184427758034984,10.776950234279505,0.6660000000000001,4886.561145738026,9061.553559600146
6181,2018-09-17 22:00:00,-1.698,6229.38722236532,7.933124627682235,-1.1503388762634008,-18.472438758417056,-1.0319999999999998,15455.598649711479,9048.401805738027
6182,2018-09-17 23:00:00,0.019,6248.867828396703,0.08904636655465302,0.012874017532432837,0.16495437917121455,-1.013,15336.738370828894,9006.95056971148
6183,2018-09-18 00:00:00,2.265,6268.594803765763,10.64877542289709,1.5378795650767667,16.06692420068625,1.2520000000000002,1126.9763035191845,9004.485500828894
6184,2018-09-18 01:00:00,-1.829,6242.355901875424,8.562951708397613,-1.2243780224020935,-12.429720102174523,-0.5769999999999997,12535.11143289371,8959.500823519185
6185,2018-09-18 02:00:00,0.752,6254.955050313602,3.527794648376872,0.5037845367298194,4.881265776872861,0.17500000000000027,7827.601671897042,8929.109542893711
6186,2018-09-18 03:00:00,-0.517,6235.506971912969,2.4178178283592535,-0.3451711532289352,-2.887856933802476,-0.34199999999999975,11048.779770692465,8919.381171897045
6187,2018-09-18 04:00:00,0.052000000000000005,6265.311573000087,0.2443471513470034,0.03479587237347469,0.2667771277139836,-0.28999999999999976,10722.710702292214,8906.146350692467
6188,2018-09-18 05:00:00,-0.507,6273.21572035394,2.3853902776645857,-0.35537682188958225,-2.4389028241704684,-0.7969999999999997,13900.67626784277,8902.667802292215
6189,2018-09-18 06:00:00,0.084,6273.523602775564,0.39523198697486056,0.058683913950331575,0.4649188616135571,-0.7129999999999997,13373.250168002283,8901.095267842771
6190,2018-09-18 07:00:00,0.42,6292.779729220402,1.9822256147044266,0.29428957769121245,2.3354396427107593,-0.29299999999999976,10728.142709127967,8888.373218002285
6191,2018-09-18 08:00:00,0.835,6266.015724291802,3.924092347337741,0.5945519579542355,4.421172333847919,0.5420000000000003,5491.823410104185,8893.66970912797
6192,2018-09-18 09:00:00,-0.9520000000000001,6254.815688066318,4.4659384012793515,-0.6840323374624775,-5.530279596218784,-0.4099999999999998,11441.64427751529,8885.301670104187
6193,2018-09-18 10:00:00,1.156,6258.768153096766,5.426351988734896,0.8190377860335112,8.019115310731381,0.7460000000000001,4200.705557769706,8879.17297751529
6194,2018-09-18 11:00:00,-0.709,6275.375800167062,3.3369310817388347,-0.45655711879355304,-11.817642714144595,0.037000000000000144,8646.387606934297,8891.292457769705
6195,2018-09-18 12:00:00,-0.9540000000000001,6377.7184636390775,4.56325756073376,-0.5069621400977579,49.30542577917511,-0.9169999999999999,14725.863546514527,8880.557646934298
6196,2018-09-18 13:00:00,1.732,5862.257777604729,7.615072853108543,1.007633089521725,-503.19985548479247,0.8150000000000001,4564.277019678942,8889.662896514528
6197,2018-09-18 14:00:00,-2.13,6195.288630353076,9.896973586989038,-1.25677053354305,-166.49459911338062,-1.315,17749.685030504872,9750.154619678942
6198,2018-09-18 15:00:00,-0.13,6335.930376054164,0.6177532116652811,-0.07676797122136271,-24.002855974613983,-1.4449999999999998,18572.64930625638,9386.271880504872
6199,2018-09-18 16:00:00,2.348,6575.947830435143,11.580244129396288,1.3225263050032556,221.64530413014054,0.903,3119.9191424094934,9392.59320625638
6200,2018-09-18 17:00:00,-0.683,6376.163502310659,3.2661897540586353,-0.32825576985067056,52.89175808050875,0.21999999999999997,7471.354878750011,8830.129942409494
6201,2018-09-18 18:00:00,0.115,6435.024143999482,0.5550208324199554,0.0580294349483446,99.96611456453346,0.33499999999999996,6730.735079968823,8865.054878750012
6202,2018-09-18 19:00:00,0.99,6410.929117037709,4.760114869400499,0.4975697630819333,108.43154727462759,1.325,378.8377982407974,8841.905079968823
6203,2018-09-18 20:00:00,-0.969,6252.670987473064,4.544128640146049,-0.5310620266632384,-72.04795050027263,0.356,6432.828914552707,8759.794048240798
6204,2018-09-18 21:00:00,-0.362,6302.27272758781,1.7110670455400903,-0.20281862415491667,-21.534453788035517,-0.006000000000000005,8712.426503757584,8684.176474552707
6205,2018-09-18 22:00:00,-0.281,6324.816415006086,1.3329550594625326,-0.1584840735603825,-33.34510092035406,-0.28700000000000003,10488.277879893516,8674.276583757584
6206,2018-09-18 23:00:00,0.6900000000000001,6369.5620005415085,3.296248335280231,0.4038545018053617,32.70814603970281,0.403,6089.753721380336,8669.716729893516
6207,2018-09-19 00:00:00,0.462,6341.095241513753,2.1971895011845155,0.27666872977418844,18.858572783978254,0.865,3157.824050999719,8637.503601380336
6208,2018-09-19 01:00:00,0.077,6352.985302112838,0.36688490119701644,0.04601195066165538,4.069290162177085,0.942,2668.2528388424203,8649.59660099972
6209,2018-09-19 02:00:00,-1.645,6276.928298125548,7.744160287812396,-1.0056426642929346,-71.25605921015818,-0.7030000000000001,12985.539451618615,8649.18981884242
6210,2018-09-19 03:00:00,0.776,6396.313472949447,3.7226544412565783,0.4747849587288499,31.73868799071741,0.07299999999999995,8018.00382889134,8511.577151618614
6211,2018-09-19 04:00:00,-1.025,6264.355602225833,4.815723369211108,-0.6225165599269071,-70.5318812142401,-0.952,14433.831549578994,8480.49605889134
6212,2018-09-19 05:00:00,1.5350000000000001,6440.630047079699,7.414775341700504,0.9327081980881413,87.35733888161026,0.5830000000000002,4539.520816332564,8386.403869578993
6213,2018-09-19 06:00:00,-0.386,6321.527739967886,1.8300822807207031,-0.23605587384405796,-29.74620415826987,0.19700000000000017,6977.678436194066,8242.451146332565
6214,2018-09-19 07:00:00,-1.488,6208.5550163167445,6.928747398209487,-0.9016219502632096,-147.4933617329928,-1.291,16208.61763658196,8229.997586194067
6215,2018-09-19 08:00:00,2.089,6152.6919394636425,9.639730096154661,1.189772385636905,-195.1378329219947,0.798,3345.3150296508047,8015.105396581959
6216,2018-09-19 09:00:00,-0.9500000000000001,6341.959050991918,4.518645823831742,-0.49633713811106794,20.55538813002916,-0.15200000000000002,9365.356239214372,8390.191229650805
6217,2018-09-19 10:00:00,0.632,6308.952021585325,2.990443258231444,0.31431578748371936,-11.372294202158864,0.48,5374.903272316635,8404.714719214371
6218,2018-09-19 11:00:00,-1.377,6303.968918964216,6.510423901060294,-0.6811799778077456,18.23009894202395,-0.897,14048.524021569228,8392.384872316634
6219,2018-09-19 12:00:00,1.5230000000000001,6281.899747940574,7.175499987085122,0.8033569582258766,-19.81360901765167,0.6260000000000001,4473.50457900678,8396.607751569229
6220,2018-09-19 13:00:00,-1.8780000000000001,6310.708921827402,8.888633516393897,-1.0080738842871346,21.776995711689782,-1.252,16315.534725114489,8411.00701900678
6221,2018-09-19 14:00:00,1.431,6316.702845138843,6.779401328545265,0.7415311934031924,-12.528686054559506,0.17900000000000005,7269.056368162821,8392.26524511449
6222,2018-09-19 15:00:00,-1.177,6337.903258335731,5.5947841012958675,-0.6653921430990454,10.618650478830572,-0.998,14722.800733515927,8401.759418162821
6223,2018-09-19 16:00:00,1.325,6316.133188781541,6.276657356351656,0.7024114229455833,-11.229222641403718,0.32699999999999996,6347.193118349365,8408.794053515929
6224,2018-09-19 17:00:00,0.5740000000000001,6321.140331810493,2.721250912844418,0.2945805373684307,-4.7142487268760025,0.901,2715.9559002497745,8415.651238349365
6225,2018-09-19 18:00:00,0.426,6163.664602437968,1.9692908404789307,0.2131492429564262,-3.9485468049875623,1.327,88.13420271468931,8272.783300249775
6226,2018-09-19 19:00:00,-2.49,6474.020386061885,12.090233070970571,-2.3961747315681197,66.21656079345273,-1.1630000000000003,16195.54871539975,8594.46960271469
6227,2018-09-19 20:00:00,1.42,6439.695591639666,6.858275805096245,2.146712356643851,13.608879283022887,0.2569999999999997,7043.822838144275,8724.506495399748
6228,2018-09-19 21:00:00,-0.183,6393.20467643226,0.8774673418403277,-0.27490273460903913,-1.5204208331304212,0.07399999999999968,8212.843328766749,8687.337838144273
6229,2018-09-19 22:00:00,-0.606,6381.411530282832,2.9003515405135474,-0.9089865905990799,-4.429483126569086,-0.5320000000000003,12076.885007808263,8685.462828766746
6230,2018-09-19 23:00:00,-0.662,6386.270409870839,3.170783258500872,-0.9942189682931019,-4.625371160867756,-1.1940000000000004,16301.194441169993,8676.399527808262
6231,2018-09-20 00:00:00,0.861,6427.787800918741,4.150743972443277,1.2967434833411142,6.421057435400196,-0.3330000000000004,10762.397931124902,8635.630861169991
6232,2018-09-20 01:00:00,0.6990000000000001,6413.18388949409,3.362111654067277,1.0470324749174018,5.016857019172352,0.36599999999999966,6275.77060492509,8628.8269711249
6233,2018-09-20 02:00:00,-0.37,6383.0869694594,1.7713066340249835,-0.5520565996588003,-2.4109739409416924,-0.004000000000000337,8635.623389882108,8613.064904925088
6234,2018-09-20 03:00:00,-1.299,6387.0863895674975,6.222618915036134,-1.9461426427740092,-8.257467789728278,-1.3030000000000004,16925.8110036974,8610.034229882107
6235,2018-09-20 04:00:00,1.599,6402.606666591611,7.678326044909991,2.394157838460172,8.852508753151591,0.2959999999999996,6679.805195453526,8597.868923697397
6236,2018-09-20 05:00:00,0.779,6394.645889826584,3.736071861131182,1.1652009387724092,4.430688887810605,1.0749999999999997,1694.3909039600776,8570.963995453523
6237,2018-09-20 06:00:00,-1.726,6384.800453096602,8.265124186533551,-2.5728547322343784,-12.536692171164274,-0.6510000000000002,12705.740353539175,8574.294153960076
6238,2018-09-20 07:00:00,0.886,6419.129998841609,4.26551188423025,1.3233089516348062,6.806689889974034,0.23499999999999976,7013.817473527124,8532.179353539173
6239,2018-09-20 08:00:00,-0.013000000000000001,6387.8289422127955,0.062281332186574764,-0.019140838435804237,-0.13191694876810942,0.22199999999999975,7096.792816354891,8514.992773527123
6240,2018-09-20 09:00:00,-1.0090000000000001,6373.956386174547,4.823491495237589,-1.4895075402790197,-11.55410628517326,-0.7870000000000004,13522.96975241009,8514.70681635489
6241,2018-09-20 10:00:00,1.839,6442.078008169794,8.885236092768189,2.7229207821159,24.355087387678285,1.0519999999999996,1666.481893981636,8474.364752410089
6242,2018-09-20 11:00:00,-0.251,6422.660929977956,1.2090659200683502,-0.3693666723158099,-4.849703349728889,0.8009999999999996,3277.2801170913635,8428.611653981634
6243,2018-09-20 12:00:00,-1.008,6405.628402525065,4.84265507230895,-1.4832195074664674,-17.88837796746807,-0.2070000000000004,9728.988048092833,8423.705117091362
6244,2018-09-20 13:00:00,0.759,6435.694483074279,3.6635190844900336,1.1164379281841093,12.5780451460946,0.5519999999999996,4840.380594112346,8399.63404809283
6245,2018-09-20 14:00:00,-1.085,6394.33833639805,5.203392821243913,-1.5944411084643924,-19.077222493485195,-0.5330000000000004,11772.687403428237,8381.466114112343
6246,2018-09-20 15:00:00,1.151,6383.584827414442,5.510629602265517,1.337033959406692,-35.67220654496465,0.6179999999999997,4419.283737328603,8351.936043428235
6247,2018-09-20 16:00:00,0.333,6420.265160408981,1.6034612238121428,0.10351292172624771,-1.828352512745632,0.9509999999999996,2279.6250802736795,8388.0735573286
6248,2018-09-20 17:00:00,0.096,6400.065829612959,0.4608047397321331,0.029199160823794007,-0.4733695478657015,1.0469999999999997,1664.727235575121,8366.510090273678
6249,2018-09-20 18:00:00,-1.399,6412.784024601636,6.728613637813266,-0.4098675826128671,6.193892184247957,-0.3520000000000003,10629.034898112475,8372.85623557512
6250,2018-09-20 19:00:00,-0.905,6423.449861883035,4.35991659375311,-0.2640309948805215,3.7038928779143983,-1.2570000000000003,16437.59354676639,8369.191378112473
6251,2018-09-20 20:00:00,0.845,6375.208202002032,4.0402881980187875,0.24869982349065903,-3.5104978214597304,-0.41200000000000037,11046.187211992277,8419.856756766389
6252,2018-09-20 21:00:00,-0.743,6493.319985693582,3.618402562027749,-0.24578147402100683,3.5057671676024524,-1.1550000000000002,15866.849069949873,8372.282491992275
6253,2018-09-20 22:00:00,0.77,6527.610939282214,3.769695317435479,0.46850143729329624,-4.1475621550801876,-0.38500000000000023,10836.524581058318,8323.209119949872
6254,2018-09-20 23:00:00,-0.146,6492.9042584690615,0.7109730163023622,-0.08942726986939187,0.9936857389307747,-0.5310000000000002,11783.715965481522,8337.104581058316
6255,2018-09-21 00:00:00,1.451,6507.196003398034,7.081456050697911,0.9402876619421664,-10.224284263907702,0.9199999999999998,2334.2012611398204,8323.46508548152
6256,2018-09-21 01:00:00,-1.169,6510.952542255364,5.708477641422391,-0.7595851417312258,9.702127397094895,-0.24900000000000022,9939.415740218825,8316.05046113982
6257,2018-09-21 02:00:00,1.27,6545.105956094856,6.234213423180352,0.8393361969426358,-11.403380102087302,1.021,1620.4720311932324,8307.053910218823
6258,2018-09-21 03:00:00,-0.758,6563.305328669017,3.7312390793483368,-0.5253404361036971,9.130669105120909,0.2629999999999999,6591.477481973043,8312.820731193231
6259,2018-09-21 04:00:00,-0.14200000000000002,6550.382242315909,0.6976157088066445,-0.09843971974254902,2.420682035651228,0.12099999999999989,7520.887636959175,8313.617261973042
6260,2018-09-21 05:00:00,-0.318,6543.856164076149,1.5607096951321615,-0.21623883867819507,8.222402914826562,-0.19700000000000012,9600.16914012725,8311.725486959174
6261,2018-09-21 06:00:00,0.093,6545.080482862861,0.45651936367968454,0.06384106391183628,-5.053358201050814,-0.10400000000000012,8990.982336142953,8309.805350127248
6262,2018-09-21 07:00:00,-0.911,7030.560139656401,4.803630215420236,-0.6282856140860398,383.2784252704871,-1.0150000000000001,15390.69480489221,8299.599696142952
6263,2018-09-21 08:00:00,1.208,6731.405325416123,6.0986532248270064,0.9672555212465099,29.108069894876568,0.19299999999999984,7252.613118338589,8588.84485489221
6264,2018-09-21 09:00:00,0.316,6709.744414716447,1.590209426287798,0.2586013554866548,3.475813360959933,0.5089999999999999,5130.6376599001505,8546.873048338588
6265,2018-09-21 10:00:00,0.324,6698.1203112415005,1.6276432356316846,0.2639281450761368,2.966383096423289,0.833,2958.7105262732307,8538.336669900149
6266,2018-09-21 11:00:00,-0.226,6740.38969700221,1.1424960536418745,-0.1859314252083749,-1.6543715725811998,0.607,4480.819935338512,8574.98811627323
6267,2018-09-21 12:00:00,-0.246,6730.324612037763,1.2417448909209672,-0.20448827479490833,-1.4908996874430507,0.361,6135.155262016152,8567.156075338513
6268,2018-09-21 13:00:00,-0.326,6725.7626539013445,1.6444489688788786,-0.27311221791609763,-1.7942338807400995,0.034999999999999976,8325.999808287852,8563.901892016152
6269,2018-09-21 14:00:00,-0.021,6721.469796819419,0.10586314929990585,-0.017294414353822344,-0.1029087662274842,0.013999999999999974,8467.037753328474,8561.255458287851
6270,2018-09-21 15:00:00,0.647,6684.812149792527,3.243805095686824,0.5331885089731064,2.62896128355421,0.661,4138.504233643976,8560.580853328473
6271,2018-09-21 16:00:00,-1.039,6712.90468077762,5.231030972495961,-0.8971918267483304,-3.4281273956313556,-0.3779999999999999,11107.632430601261,8578.593263643976
6272,2018-09-21 17:00:00,-0.292,6702.143317001285,1.4677693864232813,-0.24045510021221372,-0.9562278985031718,-0.6699999999999999,13062.824809549169,8573.769910601262
6273,2018-09-21 18:00:00,1.373,6745.5656768389745,6.946246255724934,0.9479025619808155,4.637774276993716,0.7030000000000001,3793.7280308721456,8547.03820954917
6274,2018-09-21 19:00:00,-1.002,6744.867355285676,5.068767817497186,-0.6865545803185422,-3.5760901340056943,-0.29899999999999993,10546.678435196396,8538.366420872146
6275,2018-09-21 20:00:00,-0.063,6707.736416997013,0.31694054570310887,-0.040303366839763016,-0.223279636147011,-0.36199999999999993,10968.916311538092,8540.986435196397
6276,2018-09-21 21:00:00,-0.042,6727.792847740504,0.2119254747038259,-0.028507604442764976,-0.1486446550533087,-0.4039999999999999,11251.243655904309,8533.391171538093
6277,2018-09-21 22:00:00,0.327,6739.143257148847,1.6527748838157548,0.21958530667877466,1.0636718421684899,-0.0769999999999999,9045.765313866137,8529.14821590431
6278,2018-09-21 23:00:00,1.332,6764.370633442585,6.7576062628091425,0.8548282348415314,4.495805207743606,1.2550000000000001,28.412546199759163,8525.320773866139
6279,2018-09-22 00:00:00,-0.848,6799.482505651893,4.324470873594604,-0.5479172606116446,-2.91957708749523,0.40700000000000014,5789.76094206073,8566.11479619976
6280,2018-09-22 01:00:00,-0.93,6768.366961939329,4.720935955952682,-0.6078687523535394,-3.0151693083180833,-0.5229999999999999,12079.306551644622,8545.96087206073
6281,2018-09-22 02:00:00,1.063,6743.953471373684,5.3766169050526695,0.7107440855757292,3.332727288107643,0.54,4904.728833833836,8554.333621644622
6282,2018-09-22 03:00:00,0.584,6740.380570881604,2.952286690046143,0.405319638517903,1.8252512430876733,1.124,965.197474636263,8543.329833833835
6283,2018-09-22 04:00:00,-1.139,6749.076101809578,5.765398259970832,-0.6394991808391397,-4.13439900958328,-0.014999999999999902,8646.245396453403,8556.524874636263
6284,2018-09-22 05:00:00,-0.13,6741.788031037404,0.6573243330261469,-0.06712540656374955,-0.5548435560321635,-0.1449999999999999,9521.976117271908,8545.109246453405
6285,2018-09-22 06:00:00,-0.318,6727.276779789654,1.6044555119798327,-0.1649453177369291,-1.4482748926096944,-0.4629999999999999,11659.533145030813,8546.28706727191
6286,2018-09-22 07:00:00,1.684,6727.700851690108,8.497086175684606,0.873930838346837,8.25692085176171,1.221,321.0035970722183,8548.835235030814
6287,2018-09-22 08:00:00,-1.49,6638.932753412788,7.41900735193879,-0.7047185466986361,-7.99252804051328,-0.2689999999999999,10205.099791815202,8437.75982707222
6288,2018-09-22 09:00:00,0.269,6696.424938015452,1.3510037312446175,0.15045301607231765,1.2844849993810032,1.1102230246251565e-16,8402.130038203224,8404.147481815204
6290,2018-09-22 11:00:00,0.191,6667.987580835726,0.9551892209547178,0.11440379306464556,1.0931770426616478,0.19100000000000011,7127.525541761249,8402.130038203224
6291,2018-09-22 12:00:00,1.029,6693.558663244721,5.165753898359114,0.6068139011179577,7.951849343603357,1.22,234.3435397908479,8404.360541761249
6292,2018-09-22 13:00:00,-0.598,6686.4736021316785,2.998883410556058,-0.34365603151134355,-5.692741836810419,0.622,4229.655944894332,8399.205739790848
6293,2018-09-22 14:00:00,-0.08600000000000001,6670.602417498039,0.4302538559286236,-0.04913698854199653,-0.9484455134189249,0.536,4802.868815352839,8379.391144894333
6294,2018-09-22 15:00:00,-0.107,6683.638395191307,0.5363619812141024,-0.05919823865699743,-1.5124065700363096,0.42900000000000005,5517.446004191681,8386.14137535284
6295,2018-09-22 16:00:00,-0.663,6660.859711395709,3.3121124914915168,-0.36796004998443177,-13.172328554305553,-0.23399999999999999,9930.063072856112,8380.763604191681
6296,2018-09-22 17:00:00,1.4020000000000001,6754.226989948711,7.102069679931071,0.7443614415276157,68.4826285071828,1.1680000000000001,452.89593436020004,8365.773072856111
6297,2018-09-22 18:00:00,-2.1310000000000002,6958.861063337438,11.121999694479063,-1.1285044670641335,218.00956780450298,-0.9630000000000001,15270.365393991506,8327.5285743602
6298,2018-09-22 19:00:00,1.931,4463.979875491285,6.464958854680255,1.1338079051419352,-2262.6939324138566,0.968,6643.487330868846,8793.670373991506
6299,2018-09-22 20:00:00,-0.272,6736.903291496487,1.3743282714652836,-0.15876167098725305,15.162053167475545,0.696,8474.45907599966,13150.286530868845
6300,2018-09-22 21:00:00,0.528,6693.297266858851,2.650545717676105,0.28808717621457014,-9.690820317363013,1.224,4937.570870332666,13139.538275999661
6301,2018-09-22 22:00:00,-1.162,6723.689964684982,5.859695804222962,-0.6247963539121478,15.144761038894169,0.062000000000000055,12744.248267105444,13149.594950332666
6302,2018-09-22 23:00:00,0.375,6719.135460524989,1.8897568482726534,0.19660720731292583,-4.111146682323673,0.43700000000000006,10222.556728770414,13161.077367105445
6303,2018-09-23 00:00:00,0.639,6711.267492061465,3.2163749455704576,0.337431641689052,-6.369939580223834,1.076,5930.626001401196,13158.016828770415
6304,2018-09-23 01:00:00,-0.195,6694.150659943168,0.9790195340166884,-0.10169515223285168,1.662355095400317,0.881,7234.9410925871625,13131.852841401196
6305,2018-09-23 02:00:00,-1.985,6714.573162870012,9.996320796222731,-1.0529175893638272,16.616080459375308,-1.104,20552.7060787015,13136.768902587162
6306,2018-09-23 03:00:00,2.852,6689.145039814304,14.308081240162796,1.512226994025883,-23.967187179721865,1.7479999999999998,1459.9601795542949,13143.0996787015
6307,2018-09-23 04:00:00,-2.168,6745.236760456102,10.967754972501623,-1.156649449300393,17.953409905402726,-0.4200000000000004,16071.93453758579,13221.273299554292
6309,2018-09-23 06:00:00,0.9500000000000001,6701.963927293221,4.77514929819642,0.36655990194081023,-5.952632608719532,0.5299999999999997,9699.943102925226,13254.74740618168
6310,2018-09-23 07:00:00,-2.257,6733.809426930223,11.398655907436135,-0.9029393417781993,13.312366272001613,-1.7270000000000003,24885.992413205473,13262.285102925223
6311,2018-09-23 08:00:00,1.0230000000000001,6727.971622644713,5.1620362274741565,0.38728536084284326,-5.725662716130915,-0.7040000000000002,17997.704898967328,13257.56604320547
6312,2018-09-23 09:00:00,-0.08700000000000001,6773.94674535933,0.4420000251346963,-0.032758102033961296,0.5095034613628688,-0.7910000000000001,18586.062729235764,13229.182018967327
6313,2018-09-23 10:00:00,-0.676,6771.605381839403,3.4332039285925777,-0.2785017598362485,4.38388359923897,-1.467,23159.975328987766,13232.970229235763
6314,2018-09-23 11:00:00,2.43,6731.959540802146,12.268996263111912,0.9689775889138648,-16.24943678676756,0.9630000000000001,6788.170218909725,13261.774248987766
6315,2018-09-23 12:00:00,-0.587,6742.722565574388,2.968483609494124,-0.2412578088548075,4.163823383242376,0.3760000000000001,10742.981982385096,13277.634618909726
6316,2018-09-23 13:00:00,-0.254,6735.989234900023,1.2832059492484544,-0.10389664752663531,2.0931315475494867,0.12200000000000011,12452.55449503717,13274.965982385096
6317,2018-09-23 14:00:00,-0.773,6702.833926122098,3.8859679686692865,-0.3144209800661349,7.138347102163189,-0.6509999999999999,17629.700087429635,13269.46771503717
6318,2018-09-23 15:00:00,1.999,6666.242291247847,9.994363755153335,0.719434555241255,-20.417143307394184,1.3480000000000003,4293.1962492485745,13277.153147429635
6319,2018-09-23 16:00:00,-1.528,6712.320049403363,7.692318776616254,-0.5442401628435817,19.584289566205854,-0.17999999999999972,14541.416144708523,13315.737689248575
6320,2018-09-23 17:00:00,0.63,6679.131053347572,3.1558894227067276,0.2257343115793325,-9.684680964007308,0.4500000000000003,10330.070032589625,13337.469944708524
6321,2018-09-23 18:00:00,-1.795,6746.663446897017,9.082695665385108,-0.6283191635474459,39.89176606056441,-1.3449999999999998,22430.642711060027,13348.400032589627
6322,2018-09-23 19:00:00,2.477,6610.796994518212,12.281208116566209,0.889514711181113,-83.39252019296869,1.1320000000000001,6042.547216247298,13428.154211060028
6323,2018-09-23 20:00:00,-2.183,6805.600700898975,11.142469747546846,-0.7808055373246017,121.60150643630001,-1.0509999999999997,20887.28824524571,13609.718176247297
6324,2018-09-23 21:00:00,1.687,6578.379661981658,8.323294867322293,0.6051559668114076,-111.24549398515384,0.6360000000000003,9780.64344780671,13857.12822524571
6325,2018-09-23 22:00:00,-1.049,6778.894872561847,5.333295540988032,-0.3612933840767069,61.03616594592336,-0.4129999999999996,16886.01532054703,14053.431367806712
6326,2018-09-23 23:00:00,-0.117,6713.858275450721,0.5891410636708008,-0.043002262260040384,5.901277712980822,-0.5299999999999996,17670.892508831963,14115.611320547034
6327,2018-09-24 00:00:00,2.22,6607.29918033955,11.001153135265351,0.811706568845828,-89.1125262292966,1.6900000000000006,2990.9335101795386,14122.224508831965
6328,2018-09-24 01:00:00,0.164,6713.08858377962,0.8257098958048934,0.05928292484022101,-5.970699145219642,1.8540000000000005,1889.1062252174888,14346.043510179543
6329,2018-09-24 02:00:00,-0.759,6742.8017897473965,3.8383399188137055,-0.28677183767956393,36.41856158507525,1.0950000000000006,7002.798554389028,14323.272405217493
6330,2018-09-24 03:00:00,-1.182,6784.313958103691,6.0142943238589215,-0.43732657173003275,65.09128467542213,-0.0869999999999993,15015.442405588808,14360.826254389032
6331,2018-09-24 04:00:00,-1.0150000000000001,6774.357858658357,5.156979919903676,-0.37424648853659376,69.56210514689374,-1.1019999999999994,21885.91152392372,14432.092615588814
6332,2018-09-24 05:00:00,0.625,6667.3455910563525,3.1253182458076654,0.23041191027319086,-20.644820853920724,-0.4769999999999994,17715.44479101295,14516.000003923726
6333,2018-09-24 06:00:00,-1.172,6666.624644493357,5.85996306250966,-0.37303680887598084,24.207681302233404,-1.6489999999999994,25522.46016141423,14546.833961012953
6334,2018-09-24 07:00:00,-0.516,6696.027310112133,2.5913625690133952,-0.18927636009247187,18.29658647222537,-2.164999999999999,28974.783280104595,14510.570081414235
6335,2018-09-24 08:00:00,2.939,6542.585541686715,14.421494180262941,1.1783578734053928,-91.86281618669052,0.7740000000000009,9730.65947661498,14613.7537301046
6336,2018-09-24 09:00:00,0.193,6597.74994421617,0.9550243044252907,0.08434139147839069,-5.484397175308228,0.967000000000001,8456.27504478987,14841.497576614984
6337,2018-09-24 10:00:00,-1.466,6874.872249897291,7.558922038762072,-0.6612559213889406,257.7935058186805,-0.498999999999999,18526.774912964618,14855.629624789877
6338,2018-09-24 11:00:00,1.941,6493.779223418593,9.453319104491616,0.840060452553341,-84.04083703396002,1.442000000000001,5912.247167550753,15244.861892964625
6339,2018-09-24 12:00:00,0.546,6587.425476160425,2.6975507324876946,0.25364829554111007,-42.78817213511622,1.988000000000001,2312.6354701191735,15472.64948755076
6340,2018-09-24 13:00:00,-3.61,12815.90338427449,34.699058412923186,-1.9091281771141437,6189.822512451605,-1.6219999999999988,48541.0343583763,15489.079590119181
6341,2018-09-24 14:00:00,4.916,5808.468984150438,21.415825144562668,2.594572950625993,-809.145588800188,3.2940000000000014,19963.696043677133,37811.47191837631
6342,2018-09-24 15:00:00,2.5580000000000003,10613.199572841379,20.361423380496188,1.326982769097542,4006.8525900722802,5.852000000000002,-7206.58731525698,41720.631923677145
6343,2018-09-24 16:00:00,-9.634,1452.3371137705499,10.493861815549108,-4.991592667628425,-5155.631293561822,-3.7819999999999983,6774.034986205244,31492.45460474303
